Epi_date_V3,Year,Cases,7-Day Average,Cumulative Cases,AsOf
05/10/2022,2022,1.0,0.0,1.0,Data as Reported to CDC as of 01 Nov 2024 2:00 PM EDT
05/11/2022,2022,5.0,0.0,6.0,Data as Reported to CDC as of 01 Nov 2024 2:00 PM EDT
05/12/2022,2022,0.0,0.0,6.0,Data as Reported to CDC as of 01 Nov 2024 2:00 PM EDT
05/13/2022,2022,0.0,0.0,6.0,Data as Reported to CDC as of 01 Nov 2024 2:00 PM EDT
05/14/2022,2022,0.0,0.0,6.0,Data as Reported to CDC as of 01 Nov 2024 2:00 PM EDT
05/15/2022,2022,2.0,0.0,8.0,Data as Reported to CDC as of 01 Nov 2024 2:00 PM EDT
05/16/2022,2022,7.0,2.142857074737550,15.0,Data as Reported to CDC as of 01 Nov 2024 2:00 PM EDT
05/17/2022,2022,3.0,2.4285714626312300,18.0,Data as Reported to CDC as of 01 Nov 2024 2:00 PM EDT
05/18/2022,2022,2.0,2.0,20.0,Data as Reported to CDC as of 01 Nov 2024 2:00 PM EDT
05/19/2022,2022,3.0,2.4285714626312300,23.0,Data as Reported to CDC as of 01 Nov 2024 2:00 PM EDT
05/20/2022,2022,0.0,2.4285714626312300,23.0,Data as Reported to CDC as of 01 Nov 2024 2:00 PM EDT
05/21/2022,2022,1.0,2.5714285373687700,24.0,Data as Reported to CDC as of 01 Nov 2024 2:00 PM EDT
05/22/2022,2022,1.0,2.4285714626312300,25.0,Data as Reported to CDC as of 01 Nov 2024 2:00 PM EDT
05/23/2022,2022,3.0,1.8571428060531600,28.0,Data as Reported to CDC as of 01 Nov 2024 2:00 PM EDT
05/24/2022,2022,3.0,1.8571428060531600,31.0,Data as Reported to CDC as of 01 Nov 2024 2:00 PM EDT
05/25/2022,2022,2.0,1.8571428060531600,33.0,Data as Reported to CDC as of 01 Nov 2024 2:00 PM EDT
05/26/2022,2022,2.0,1.7142857313156100,35.0,Data as Reported to CDC as of 01 Nov 2024 2:00 PM EDT
05/27/2022,2022,4.0,2.2857143878936800,39.0,Data as Reported to CDC as of 01 Nov 2024 2:00 PM EDT
05/28/2022,2022,0.0,2.142857074737550,39.0,Data as Reported to CDC as of 01 Nov 2024 2:00 PM EDT
05/29/2022,2022,6.0,2.857142925262450,45.0,Data as Reported to CDC as of 01 Nov 2024 2:00 PM EDT
05/30/2022,2022,8.0,3.5714285373687700,53.0,Data as Reported to CDC as of 01 Nov 2024 2:00 PM EDT
05/31/2022,2022,5.0,3.857142925262450,58.0,Data as Reported to CDC as of 01 Nov 2024 2:00 PM EDT
06/01/2022,2022,9.0,4.857142925262450,67.0,Data as Reported to CDC as of 01 Nov 2024 2:00 PM EDT
06/02/2022,2022,12.0,6.285714149475100,79.0,Data as Reported to CDC as of 01 Nov 2024 2:00 PM EDT
06/03/2022,2022,7.0,6.714285850524900,86.0,Data as Reported to CDC as of 01 Nov 2024 2:00 PM EDT
06/04/2022,2022,5.0,7.4285712242126500,91.0,Data as Reported to CDC as of 01 Nov 2024 2:00 PM EDT
06/05/2022,2022,6.0,7.4285712242126500,97.0,Data as Reported to CDC as of 01 Nov 2024 2:00 PM EDT
06/06/2022,2022,19.0,9.0,116.0,Data as Reported to CDC as of 01 Nov 2024 2:00 PM EDT
06/07/2022,2022,21.0,11.285714149475100,137.0,Data as Reported to CDC as of 01 Nov 2024 2:00 PM EDT
06/08/2022,2022,12.0,11.714285850524900,149.0,Data as Reported to CDC as of 01 Nov 2024 2:00 PM EDT
06/09/2022,2022,6.0,10.857142448425300,155.0,Data as Reported to CDC as of 01 Nov 2024 2:00 PM EDT
06/10/2022,2022,23.0,13.142857551574700,178.0,Data as Reported to CDC as of 01 Nov 2024 2:00 PM EDT
06/11/2022,2022,11.0,14.0,189.0,Data as Reported to CDC as of 01 Nov 2024 2:00 PM EDT
06/12/2022,2022,25.0,16.714284896850600,214.0,Data as Reported to CDC as of 01 Nov 2024 2:00 PM EDT
06/13/2022,2022,26.0,17.714284896850600,240.0,Data as Reported to CDC as of 01 Nov 2024 2:00 PM EDT
06/14/2022,2022,25.0,18.285715103149400,265.0,Data as Reported to CDC as of 01 Nov 2024 2:00 PM EDT
06/15/2022,2022,33.0,21.285715103149400,298.0,Data as Reported to CDC as of 01 Nov 2024 2:00 PM EDT
06/16/2022,2022,26.0,24.14285659790040,324.0,Data as Reported to CDC as of 01 Nov 2024 2:00 PM EDT
06/17/2022,2022,33.0,25.571428298950200,357.0,Data as Reported to CDC as of 01 Nov 2024 2:00 PM EDT
06/18/2022,2022,26.0,27.714284896850600,383.0,Data as Reported to CDC as of 01 Nov 2024 2:00 PM EDT
06/19/2022,2022,34.0,29.0,417.0,Data as Reported to CDC as of 01 Nov 2024 2:00 PM EDT
06/20/2022,2022,41.0,31.14285659790040,458.0,Data as Reported to CDC as of 01 Nov 2024 2:00 PM EDT
06/21/2022,2022,43.0,33.71428680419920,501.0,Data as Reported to CDC as of 01 Nov 2024 2:00 PM EDT
06/22/2022,2022,63.0,38.0,564.0,Data as Reported to CDC as of 01 Nov 2024 2:00 PM EDT
06/23/2022,2022,56.0,42.28571319580080,620.0,Data as Reported to CDC as of 01 Nov 2024 2:00 PM EDT
06/24/2022,2022,50.0,44.71428680419920,670.0,Data as Reported to CDC as of 01 Nov 2024 2:00 PM EDT
06/25/2022,2022,54.0,48.71428680419920,724.0,Data as Reported to CDC as of 01 Nov 2024 2:00 PM EDT
06/26/2022,2022,67.0,53.42856979370120,791.0,Data as Reported to CDC as of 01 Nov 2024 2:00 PM EDT
06/27/2022,2022,98.0,61.57143020629880,889.0,Data as Reported to CDC as of 01 Nov 2024 2:00 PM EDT
06/28/2022,2022,90.0,68.28571319580080,979.0,Data as Reported to CDC as of 01 Nov 2024 2:00 PM EDT
06/29/2022,2022,79.0,70.57142639160160,1058.0,Data as Reported to CDC as of 01 Nov 2024 2:00 PM EDT
06/30/2022,2022,117.0,79.28571319580080,1175.0,Data as Reported to CDC as of 01 Nov 2024 2:00 PM EDT
07/01/2022,2022,136.0,91.57142639160160,1311.0,Data as Reported to CDC as of 01 Nov 2024 2:00 PM EDT
07/02/2022,2022,128.0,102.14286041259800,1439.0,Data as Reported to CDC as of 01 Nov 2024 2:00 PM EDT
07/03/2022,2022,130.0,111.14286041259800,1569.0,Data as Reported to CDC as of 01 Nov 2024 2:00 PM EDT
07/04/2022,2022,162.0,120.28571319580100,1731.0,Data as Reported to CDC as of 01 Nov 2024 2:00 PM EDT
07/05/2022,2022,186.0,134.0,1917.0,Data as Reported to CDC as of 01 Nov 2024 2:00 PM EDT
07/06/2022,2022,179.0,148.2857208251950,2096.0,Data as Reported to CDC as of 01 Nov 2024 2:00 PM EDT
07/07/2022,2022,182.0,157.57142639160200,2278.0,Data as Reported to CDC as of 01 Nov 2024 2:00 PM EDT
07/08/2022,2022,247.0,173.42857360839800,2525.0,Data as Reported to CDC as of 01 Nov 2024 2:00 PM EDT
07/09/2022,2022,191.0,182.42857360839800,2716.0,Data as Reported to CDC as of 01 Nov 2024 2:00 PM EDT
07/10/2022,2022,222.0,195.57142639160200,2938.0,Data as Reported to CDC as of 01 Nov 2024 2:00 PM EDT
07/11/2022,2022,348.0,222.14285278320300,3286.0,Data as Reported to CDC as of 01 Nov 2024 2:00 PM EDT
07/12/2022,2022,237.0,229.42857360839800,3523.0,Data as Reported to CDC as of 01 Nov 2024 2:00 PM EDT
07/13/2022,2022,277.0,243.42857360839800,3800.0,Data as Reported to CDC as of 01 Nov 2024 2:00 PM EDT
07/14/2022,2022,304.0,260.8571472167970,4104.0,Data as Reported to CDC as of 01 Nov 2024 2:00 PM EDT
07/15/2022,2022,356.0,276.4285583496090,4460.0,Data as Reported to CDC as of 01 Nov 2024 2:00 PM EDT
07/16/2022,2022,257.0,285.8571472167970,4717.0,Data as Reported to CDC as of 01 Nov 2024 2:00 PM EDT
07/17/2022,2022,248.0,289.5714416503910,4965.0,Data as Reported to CDC as of 01 Nov 2024 2:00 PM EDT
07/18/2022,2022,417.0,299.4285583496090,5382.0,Data as Reported to CDC as of 01 Nov 2024 2:00 PM EDT
07/19/2022,2022,330.0,312.71429443359400,5712.0,Data as Reported to CDC as of 01 Nov 2024 2:00 PM EDT
07/20/2022,2022,376.0,326.8571472167970,6088.0,Data as Reported to CDC as of 01 Nov 2024 2:00 PM EDT
07/21/2022,2022,336.0,331.4285583496090,6424.0,Data as Reported to CDC as of 01 Nov 2024 2:00 PM EDT
07/22/2022,2022,358.0,331.71429443359400,6782.0,Data as Reported to CDC as of 01 Nov 2024 2:00 PM EDT
07/23/2022,2022,310.0,339.28570556640600,7092.0,Data as Reported to CDC as of 01 Nov 2024 2:00 PM EDT
07/24/2022,2022,329.0,350.8571472167970,7421.0,Data as Reported to CDC as of 01 Nov 2024 2:00 PM EDT
07/25/2022,2022,509.0,364.0,7930.0,Data as Reported to CDC as of 01 Nov 2024 2:00 PM EDT
07/26/2022,2022,401.0,374.1428527832030,8331.0,Data as Reported to CDC as of 01 Nov 2024 2:00 PM EDT
07/27/2022,2022,461.0,386.28570556640600,8792.0,Data as Reported to CDC as of 01 Nov 2024 2:00 PM EDT
07/28/2022,2022,425.0,399.0,9217.0,Data as Reported to CDC as of 01 Nov 2024 2:00 PM EDT
07/29/2022,2022,456.0,413.0,9673.0,Data as Reported to CDC as of 01 Nov 2024 2:00 PM EDT
07/30/2022,2022,375.0,422.28570556640600,10048.0,Data as Reported to CDC as of 01 Nov 2024 2:00 PM EDT
07/31/2022,2022,363.0,427.1428527832030,10411.0,Data as Reported to CDC as of 01 Nov 2024 2:00 PM EDT
08/01/2022,2022,645.0,446.5714416503910,11056.0,Data as Reported to CDC as of 01 Nov 2024 2:00 PM EDT
08/02/2022,2022,480.0,457.8571472167970,11536.0,Data as Reported to CDC as of 01 Nov 2024 2:00 PM EDT
08/03/2022,2022,454.0,456.8571472167970,11990.0,Data as Reported to CDC as of 01 Nov 2024 2:00 PM EDT
08/04/2022,2022,449.0,460.28570556640600,12439.0,Data as Reported to CDC as of 01 Nov 2024 2:00 PM EDT
08/05/2022,2022,490.0,465.1428527832030,12929.0,Data as Reported to CDC as of 01 Nov 2024 2:00 PM EDT
08/06/2022,2022,389.0,467.1428527832030,13318.0,Data as Reported to CDC as of 01 Nov 2024 2:00 PM EDT
08/07/2022,2022,355.0,466.0,13673.0,Data as Reported to CDC as of 01 Nov 2024 2:00 PM EDT
08/08/2022,2022,516.0,447.5714416503910,14189.0,Data as Reported to CDC as of 01 Nov 2024 2:00 PM EDT
08/09/2022,2022,424.0,439.5714416503910,14613.0,Data as Reported to CDC as of 01 Nov 2024 2:00 PM EDT
08/10/2022,2022,463.0,440.8571472167970,15076.0,Data as Reported to CDC as of 01 Nov 2024 2:00 PM EDT
08/11/2022,2022,411.0,435.4285583496090,15487.0,Data as Reported to CDC as of 01 Nov 2024 2:00 PM EDT
08/12/2022,2022,410.0,424.0,15897.0,Data as Reported to CDC as of 01 Nov 2024 2:00 PM EDT
08/13/2022,2022,363.0,420.28570556640600,16260.0,Data as Reported to CDC as of 01 Nov 2024 2:00 PM EDT
08/14/2022,2022,317.0,414.8571472167970,16577.0,Data as Reported to CDC as of 01 Nov 2024 2:00 PM EDT
08/15/2022,2022,483.0,410.1428527832030,17060.0,Data as Reported to CDC as of 01 Nov 2024 2:00 PM EDT
08/16/2022,2022,338.0,397.8571472167970,17398.0,Data as Reported to CDC as of 01 Nov 2024 2:00 PM EDT
08/17/2022,2022,346.0,381.1428527832030,17744.0,Data as Reported to CDC as of 01 Nov 2024 2:00 PM EDT
08/18/2022,2022,418.0,382.1428527832030,18162.0,Data as Reported to CDC as of 01 Nov 2024 2:00 PM EDT
08/19/2022,2022,406.0,381.5714416503910,18568.0,Data as Reported to CDC as of 01 Nov 2024 2:00 PM EDT
08/20/2022,2022,355.0,380.4285583496090,18923.0,Data as Reported to CDC as of 01 Nov 2024 2:00 PM EDT
08/21/2022,2022,285.0,375.8571472167970,19208.0,Data as Reported to CDC as of 01 Nov 2024 2:00 PM EDT
08/22/2022,2022,361.0,358.4285583496090,19569.0,Data as Reported to CDC as of 01 Nov 2024 2:00 PM EDT
08/23/2022,2022,311.0,354.5714416503910,19880.0,Data as Reported to CDC as of 01 Nov 2024 2:00 PM EDT
08/24/2022,2022,322.0,351.1428527832030,20202.0,Data as Reported to CDC as of 01 Nov 2024 2:00 PM EDT
08/25/2022,2022,308.0,335.4285583496090,20510.0,Data as Reported to CDC as of 01 Nov 2024 2:00 PM EDT
08/26/2022,2022,322.0,323.4285583496090,20832.0,Data as Reported to CDC as of 01 Nov 2024 2:00 PM EDT
08/27/2022,2022,249.0,308.28570556640600,21081.0,Data as Reported to CDC as of 01 Nov 2024 2:00 PM EDT
08/28/2022,2022,248.0,303.0,21329.0,Data as Reported to CDC as of 01 Nov 2024 2:00 PM EDT
08/29/2022,2022,312.0,296.0,21641.0,Data as Reported to CDC as of 01 Nov 2024 2:00 PM EDT
08/30/2022,2022,240.0,285.8571472167970,21881.0,Data as Reported to CDC as of 01 Nov 2024 2:00 PM EDT
08/31/2022,2022,233.0,273.1428527832030,22114.0,Data as Reported to CDC as of 01 Nov 2024 2:00 PM EDT
09/01/2022,2022,330.0,276.28570556640600,22444.0,Data as Reported to CDC as of 01 Nov 2024 2:00 PM EDT
09/02/2022,2022,273.0,269.28570556640600,22717.0,Data as Reported to CDC as of 01 Nov 2024 2:00 PM EDT
09/03/2022,2022,202.0,262.5714416503910,22919.0,Data as Reported to CDC as of 01 Nov 2024 2:00 PM EDT
09/04/2022,2022,171.0,251.57142639160200,23090.0,Data as Reported to CDC as of 01 Nov 2024 2:00 PM EDT
09/05/2022,2022,244.0,241.85714721679700,23334.0,Data as Reported to CDC as of 01 Nov 2024 2:00 PM EDT
09/06/2022,2022,238.0,241.57142639160200,23572.0,Data as Reported to CDC as of 01 Nov 2024 2:00 PM EDT
09/07/2022,2022,232.0,241.42857360839800,23804.0,Data as Reported to CDC as of 01 Nov 2024 2:00 PM EDT
09/08/2022,2022,233.0,227.57142639160200,24037.0,Data as Reported to CDC as of 01 Nov 2024 2:00 PM EDT
09/09/2022,2022,219.0,219.85714721679700,24256.0,Data as Reported to CDC as of 01 Nov 2024 2:00 PM EDT
09/10/2022,2022,178.0,216.42857360839800,24434.0,Data as Reported to CDC as of 01 Nov 2024 2:00 PM EDT
09/11/2022,2022,107.0,207.2857208251950,24541.0,Data as Reported to CDC as of 01 Nov 2024 2:00 PM EDT
09/12/2022,2022,250.0,208.14285278320300,24791.0,Data as Reported to CDC as of 01 Nov 2024 2:00 PM EDT
09/13/2022,2022,194.0,201.85714721679700,24985.0,Data as Reported to CDC as of 01 Nov 2024 2:00 PM EDT
09/14/2022,2022,172.0,193.2857208251950,25157.0,Data as Reported to CDC as of 01 Nov 2024 2:00 PM EDT
09/15/2022,2022,172.0,184.57142639160200,25329.0,Data as Reported to CDC as of 01 Nov 2024 2:00 PM EDT
09/16/2022,2022,180.0,179.0,25509.0,Data as Reported to CDC as of 01 Nov 2024 2:00 PM EDT
09/17/2022,2022,145.0,174.2857208251950,25654.0,Data as Reported to CDC as of 01 Nov 2024 2:00 PM EDT
09/18/2022,2022,120.0,176.14285278320300,25774.0,Data as Reported to CDC as of 01 Nov 2024 2:00 PM EDT
09/19/2022,2022,142.0,160.7142791748050,25916.0,Data as Reported to CDC as of 01 Nov 2024 2:00 PM EDT
09/20/2022,2022,158.0,155.57142639160200,26074.0,Data as Reported to CDC as of 01 Nov 2024 2:00 PM EDT
09/21/2022,2022,134.0,150.14285278320300,26208.0,Data as Reported to CDC as of 01 Nov 2024 2:00 PM EDT
09/22/2022,2022,132.0,144.42857360839800,26340.0,Data as Reported to CDC as of 01 Nov 2024 2:00 PM EDT
09/23/2022,2022,122.0,136.14285278320300,26462.0,Data as Reported to CDC as of 01 Nov 2024 2:00 PM EDT
09/24/2022,2022,87.0,127.85713958740200,26549.0,Data as Reported to CDC as of 01 Nov 2024 2:00 PM EDT
09/25/2022,2022,86.0,123.0,26635.0,Data as Reported to CDC as of 01 Nov 2024 2:00 PM EDT
09/26/2022,2022,149.0,124.0,26784.0,Data as Reported to CDC as of 01 Nov 2024 2:00 PM EDT
09/27/2022,2022,105.0,116.42857360839800,26889.0,Data as Reported to CDC as of 01 Nov 2024 2:00 PM EDT
09/28/2022,2022,103.0,112.0,26992.0,Data as Reported to CDC as of 01 Nov 2024 2:00 PM EDT
09/29/2022,2022,90.0,106.0,27082.0,Data as Reported to CDC as of 01 Nov 2024 2:00 PM EDT
09/30/2022,2022,106.0,103.71428680419900,27188.0,Data as Reported to CDC as of 01 Nov 2024 2:00 PM EDT
10/01/2022,2022,83.0,103.14286041259800,27271.0,Data as Reported to CDC as of 01 Nov 2024 2:00 PM EDT
10/02/2022,2022,63.0,99.85713958740230,27334.0,Data as Reported to CDC as of 01 Nov 2024 2:00 PM EDT
10/03/2022,2022,91.0,91.57142639160160,27425.0,Data as Reported to CDC as of 01 Nov 2024 2:00 PM EDT
10/04/2022,2022,85.0,88.71428680419920,27510.0,Data as Reported to CDC as of 01 Nov 2024 2:00 PM EDT
10/05/2022,2022,84.0,86.0,27594.0,Data as Reported to CDC as of 01 Nov 2024 2:00 PM EDT
10/06/2022,2022,97.0,87.0,27691.0,Data as Reported to CDC as of 01 Nov 2024 2:00 PM EDT
10/07/2022,2022,86.0,84.14286041259770,27777.0,Data as Reported to CDC as of 01 Nov 2024 2:00 PM EDT
10/08/2022,2022,54.0,80.0,27831.0,Data as Reported to CDC as of 01 Nov 2024 2:00 PM EDT
10/09/2022,2022,77.0,82.0,27908.0,Data as Reported to CDC as of 01 Nov 2024 2:00 PM EDT
10/10/2022,2022,84.0,81.0,27992.0,Data as Reported to CDC as of 01 Nov 2024 2:00 PM EDT
10/11/2022,2022,66.0,78.28571319580080,28058.0,Data as Reported to CDC as of 01 Nov 2024 2:00 PM EDT
10/12/2022,2022,71.0,76.42857360839840,28129.0,Data as Reported to CDC as of 01 Nov 2024 2:00 PM EDT
10/13/2022,2022,55.0,70.42857360839840,28184.0,Data as Reported to CDC as of 01 Nov 2024 2:00 PM EDT
10/14/2022,2022,72.0,68.42857360839840,28256.0,Data as Reported to CDC as of 01 Nov 2024 2:00 PM EDT
10/15/2022,2022,48.0,67.57142639160160,28304.0,Data as Reported to CDC as of 01 Nov 2024 2:00 PM EDT
10/16/2022,2022,49.0,63.57143020629880,28353.0,Data as Reported to CDC as of 01 Nov 2024 2:00 PM EDT
10/17/2022,2022,62.0,60.42856979370120,28415.0,Data as Reported to CDC as of 01 Nov 2024 2:00 PM EDT
10/18/2022,2022,55.0,58.85714340209960,28470.0,Data as Reported to CDC as of 01 Nov 2024 2:00 PM EDT
10/19/2022,2022,48.0,55.57143020629880,28518.0,Data as Reported to CDC as of 01 Nov 2024 2:00 PM EDT
10/20/2022,2022,60.0,56.28571319580080,28578.0,Data as Reported to CDC as of 01 Nov 2024 2:00 PM EDT
10/21/2022,2022,54.0,53.71428680419920,28632.0,Data as Reported to CDC as of 01 Nov 2024 2:00 PM EDT
10/22/2022,2022,36.0,52.0,28668.0,Data as Reported to CDC as of 01 Nov 2024 2:00 PM EDT
10/23/2022,2022,29.0,49.14285659790040,28697.0,Data as Reported to CDC as of 01 Nov 2024 2:00 PM EDT
10/24/2022,2022,53.0,47.85714340209960,28750.0,Data as Reported to CDC as of 01 Nov 2024 2:00 PM EDT
10/25/2022,2022,44.0,46.28571319580080,28794.0,Data as Reported to CDC as of 01 Nov 2024 2:00 PM EDT
10/26/2022,2022,53.0,47.0,28847.0,Data as Reported to CDC as of 01 Nov 2024 2:00 PM EDT
10/27/2022,2022,40.0,44.14285659790040,28887.0,Data as Reported to CDC as of 01 Nov 2024 2:00 PM EDT
10/28/2022,2022,38.0,41.85714340209960,28925.0,Data as Reported to CDC as of 01 Nov 2024 2:00 PM EDT
10/29/2022,2022,30.0,41.0,28955.0,Data as Reported to CDC as of 01 Nov 2024 2:00 PM EDT
10/30/2022,2022,27.0,40.71428680419920,28982.0,Data as Reported to CDC as of 01 Nov 2024 2:00 PM EDT
10/31/2022,2022,45.0,39.57143020629880,29027.0,Data as Reported to CDC as of 01 Nov 2024 2:00 PM EDT
11/01/2022,2022,41.0,39.14285659790040,29068.0,Data as Reported to CDC as of 01 Nov 2024 2:00 PM EDT
11/02/2022,2022,42.0,37.57143020629880,29110.0,Data as Reported to CDC as of 01 Nov 2024 2:00 PM EDT
11/03/2022,2022,33.0,36.57143020629880,29143.0,Data as Reported to CDC as of 01 Nov 2024 2:00 PM EDT
11/04/2022,2022,33.0,35.85714340209960,29176.0,Data as Reported to CDC as of 01 Nov 2024 2:00 PM EDT
11/05/2022,2022,32.0,36.14285659790040,29208.0,Data as Reported to CDC as of 01 Nov 2024 2:00 PM EDT
11/06/2022,2022,29.0,36.42856979370120,29237.0,Data as Reported to CDC as of 01 Nov 2024 2:00 PM EDT
11/07/2022,2022,44.0,36.28571319580080,29281.0,Data as Reported to CDC as of 01 Nov 2024 2:00 PM EDT
11/08/2022,2022,24.0,33.85714340209960,29305.0,Data as Reported to CDC as of 01 Nov 2024 2:00 PM EDT
11/09/2022,2022,30.0,32.14285659790040,29335.0,Data as Reported to CDC as of 01 Nov 2024 2:00 PM EDT
11/10/2022,2022,28.0,31.428571701049800,29363.0,Data as Reported to CDC as of 01 Nov 2024 2:00 PM EDT
11/11/2022,2022,32.0,31.285715103149400,29395.0,Data as Reported to CDC as of 01 Nov 2024 2:00 PM EDT
11/12/2022,2022,16.0,29.0,29411.0,Data as Reported to CDC as of 01 Nov 2024 2:00 PM EDT
11/13/2022,2022,23.0,28.14285659790040,29434.0,Data as Reported to CDC as of 01 Nov 2024 2:00 PM EDT
11/14/2022,2022,35.0,26.85714340209960,29469.0,Data as Reported to CDC as of 01 Nov 2024 2:00 PM EDT
11/15/2022,2022,18.0,26.0,29487.0,Data as Reported to CDC as of 01 Nov 2024 2:00 PM EDT
11/16/2022,2022,24.0,25.14285659790040,29511.0,Data as Reported to CDC as of 01 Nov 2024 2:00 PM EDT
11/17/2022,2022,13.0,23.0,29524.0,Data as Reported to CDC as of 01 Nov 2024 2:00 PM EDT
11/18/2022,2022,31.0,22.85714340209960,29555.0,Data as Reported to CDC as of 01 Nov 2024 2:00 PM EDT
11/19/2022,2022,20.0,23.428571701049800,29575.0,Data as Reported to CDC as of 01 Nov 2024 2:00 PM EDT
11/20/2022,2022,19.0,22.85714340209960,29594.0,Data as Reported to CDC as of 01 Nov 2024 2:00 PM EDT
11/21/2022,2022,25.0,21.428571701049800,29619.0,Data as Reported to CDC as of 01 Nov 2024 2:00 PM EDT
11/22/2022,2022,17.0,21.285715103149400,29636.0,Data as Reported to CDC as of 01 Nov 2024 2:00 PM EDT
11/23/2022,2022,18.0,20.428571701049800,29654.0,Data as Reported to CDC as of 01 Nov 2024 2:00 PM EDT
11/24/2022,2022,18.0,21.14285659790040,29672.0,Data as Reported to CDC as of 01 Nov 2024 2:00 PM EDT
11/25/2022,2022,14.0,18.714284896850600,29686.0,Data as Reported to CDC as of 01 Nov 2024 2:00 PM EDT
11/26/2022,2022,14.0,17.85714340209960,29700.0,Data as Reported to CDC as of 01 Nov 2024 2:00 PM EDT
11/27/2022,2022,8.0,16.285715103149400,29708.0,Data as Reported to CDC as of 01 Nov 2024 2:00 PM EDT
11/28/2022,2022,23.0,16.0,29731.0,Data as Reported to CDC as of 01 Nov 2024 2:00 PM EDT
11/29/2022,2022,17.0,16.0,29748.0,Data as Reported to CDC as of 01 Nov 2024 2:00 PM EDT
11/30/2022,2022,15.0,15.571428298950200,29763.0,Data as Reported to CDC as of 01 Nov 2024 2:00 PM EDT
12/01/2022,2022,20.0,15.857142448425300,29783.0,Data as Reported to CDC as of 01 Nov 2024 2:00 PM EDT
12/02/2022,2022,14.0,15.857142448425300,29797.0,Data as Reported to CDC as of 01 Nov 2024 2:00 PM EDT
12/03/2022,2022,8.0,15.0,29805.0,Data as Reported to CDC as of 01 Nov 2024 2:00 PM EDT
12/04/2022,2022,10.0,15.285714149475100,29815.0,Data as Reported to CDC as of 01 Nov 2024 2:00 PM EDT
12/05/2022,2022,21.0,15.0,29836.0,Data as Reported to CDC as of 01 Nov 2024 2:00 PM EDT
12/06/2022,2022,10.0,14.0,29846.0,Data as Reported to CDC as of 01 Nov 2024 2:00 PM EDT
12/07/2022,2022,14.0,13.857142448425300,29860.0,Data as Reported to CDC as of 01 Nov 2024 2:00 PM EDT
12/08/2022,2022,17.0,13.428571701049800,29877.0,Data as Reported to CDC as of 01 Nov 2024 2:00 PM EDT
12/09/2022,2022,13.0,13.285714149475100,29890.0,Data as Reported to CDC as of 01 Nov 2024 2:00 PM EDT
12/10/2022,2022,11.0,13.714285850524900,29901.0,Data as Reported to CDC as of 01 Nov 2024 2:00 PM EDT
12/11/2022,2022,8.0,13.428571701049800,29909.0,Data as Reported to CDC as of 01 Nov 2024 2:00 PM EDT
12/12/2022,2022,14.0,12.428571701049800,29923.0,Data as Reported to CDC as of 01 Nov 2024 2:00 PM EDT
12/13/2022,2022,12.0,12.714285850524900,29935.0,Data as Reported to CDC as of 01 Nov 2024 2:00 PM EDT
12/14/2022,2022,15.0,12.857142448425300,29950.0,Data as Reported to CDC as of 01 Nov 2024 2:00 PM EDT
12/15/2022,2022,15.0,12.571428298950200,29965.0,Data as Reported to CDC as of 01 Nov 2024 2:00 PM EDT
12/16/2022,2022,15.0,12.857142448425300,29980.0,Data as Reported to CDC as of 01 Nov 2024 2:00 PM EDT
12/17/2022,2022,9.0,12.571428298950200,29989.0,Data as Reported to CDC as of 01 Nov 2024 2:00 PM EDT
12/18/2022,2022,9.0,12.714285850524900,29998.0,Data as Reported to CDC as of 01 Nov 2024 2:00 PM EDT
12/19/2022,2022,16.0,13.0,30014.0,Data as Reported to CDC as of 01 Nov 2024 2:00 PM EDT
12/20/2022,2022,12.0,13.0,30026.0,Data as Reported to CDC as of 01 Nov 2024 2:00 PM EDT
12/21/2022,2022,2.0,11.142857551574700,30028.0,Data as Reported to CDC as of 01 Nov 2024 2:00 PM EDT
12/22/2022,2022,9.0,10.285714149475100,30037.0,Data as Reported to CDC as of 01 Nov 2024 2:00 PM EDT
12/23/2022,2022,8.0,9.285714149475100,30045.0,Data as Reported to CDC as of 01 Nov 2024 2:00 PM EDT
12/24/2022,2022,6.0,8.857142448425290,30051.0,Data as Reported to CDC as of 01 Nov 2024 2:00 PM EDT
12/25/2022,2022,8.0,8.714285850524900,30059.0,Data as Reported to CDC as of 01 Nov 2024 2:00 PM EDT
12/26/2022,2022,7.0,7.4285712242126500,30066.0,Data as Reported to CDC as of 01 Nov 2024 2:00 PM EDT
12/27/2022,2022,4.0,6.285714149475100,30070.0,Data as Reported to CDC as of 01 Nov 2024 2:00 PM EDT
12/28/2022,2022,6.0,6.857142925262450,30076.0,Data as Reported to CDC as of 01 Nov 2024 2:00 PM EDT
12/29/2022,2022,3.0,6.0,30079.0,Data as Reported to CDC as of 01 Nov 2024 2:00 PM EDT
12/30/2022,2022,5.0,5.5714287757873500,30084.0,Data as Reported to CDC as of 01 Nov 2024 2:00 PM EDT
12/31/2022,2022,4.0,5.285714149475100,30088.0,Data as Reported to CDC as of 01 Nov 2024 2:00 PM EDT
01/01/2023,2023,12.0,5.857142925262450,30100.0,Data as Reported to CDC as of 01 Nov 2024 2:00 PM EDT
01/02/2023,2023,4.0,5.4285712242126500,30104.0,Data as Reported to CDC as of 01 Nov 2024 2:00 PM EDT
01/03/2023,2023,9.0,6.142857074737550,30113.0,Data as Reported to CDC as of 01 Nov 2024 2:00 PM EDT
01/04/2023,2023,3.0,5.714285850524900,30116.0,Data as Reported to CDC as of 01 Nov 2024 2:00 PM EDT
01/05/2023,2023,6.0,6.142857074737550,30122.0,Data as Reported to CDC as of 01 Nov 2024 2:00 PM EDT
01/06/2023,2023,6.0,6.285714149475100,30128.0,Data as Reported to CDC as of 01 Nov 2024 2:00 PM EDT
01/07/2023,2023,7.0,6.714285850524900,30135.0,Data as Reported to CDC as of 01 Nov 2024 2:00 PM EDT
01/08/2023,2023,8.0,6.142857074737550,30143.0,Data as Reported to CDC as of 01 Nov 2024 2:00 PM EDT
01/09/2023,2023,7.0,6.5714287757873500,30150.0,Data as Reported to CDC as of 01 Nov 2024 2:00 PM EDT
01/10/2023,2023,10.0,6.714285850524900,30160.0,Data as Reported to CDC as of 01 Nov 2024 2:00 PM EDT
01/11/2023,2023,6.0,7.142857074737550,30166.0,Data as Reported to CDC as of 01 Nov 2024 2:00 PM EDT
01/12/2023,2023,6.0,7.142857074737550,30172.0,Data as Reported to CDC as of 01 Nov 2024 2:00 PM EDT
01/13/2023,2023,6.0,7.142857074737550,30178.0,Data as Reported to CDC as of 01 Nov 2024 2:00 PM EDT
01/14/2023,2023,6.0,7.0,30184.0,Data as Reported to CDC as of 01 Nov 2024 2:00 PM EDT
01/15/2023,2023,8.0,7.0,30192.0,Data as Reported to CDC as of 01 Nov 2024 2:00 PM EDT
01/16/2023,2023,4.0,6.5714287757873500,30196.0,Data as Reported to CDC as of 01 Nov 2024 2:00 PM EDT
01/17/2023,2023,2.0,5.4285712242126500,30198.0,Data as Reported to CDC as of 01 Nov 2024 2:00 PM EDT
01/18/2023,2023,5.0,5.285714149475100,30203.0,Data as Reported to CDC as of 01 Nov 2024 2:00 PM EDT
01/19/2023,2023,2.0,4.714285850524900,30205.0,Data as Reported to CDC as of 01 Nov 2024 2:00 PM EDT
01/20/2023,2023,11.0,5.4285712242126500,30216.0,Data as Reported to CDC as of 01 Nov 2024 2:00 PM EDT
01/21/2023,2023,5.0,5.285714149475100,30221.0,Data as Reported to CDC as of 01 Nov 2024 2:00 PM EDT
01/22/2023,2023,4.0,4.714285850524900,30225.0,Data as Reported to CDC as of 01 Nov 2024 2:00 PM EDT
01/23/2023,2023,3.0,4.5714287757873500,30228.0,Data as Reported to CDC as of 01 Nov 2024 2:00 PM EDT
01/24/2023,2023,5.0,5.0,30233.0,Data as Reported to CDC as of 01 Nov 2024 2:00 PM EDT
01/25/2023,2023,7.0,5.285714149475100,30240.0,Data as Reported to CDC as of 01 Nov 2024 2:00 PM EDT
01/26/2023,2023,3.0,5.4285712242126500,30243.0,Data as Reported to CDC as of 01 Nov 2024 2:00 PM EDT
01/27/2023,2023,5.0,4.5714287757873500,30248.0,Data as Reported to CDC as of 01 Nov 2024 2:00 PM EDT
01/28/2023,2023,4.0,4.4285712242126500,30252.0,Data as Reported to CDC as of 01 Nov 2024 2:00 PM EDT
01/29/2023,2023,3.0,4.285714149475100,30255.0,Data as Reported to CDC as of 01 Nov 2024 2:00 PM EDT
01/30/2023,2023,4.0,4.4285712242126500,30259.0,Data as Reported to CDC as of 01 Nov 2024 2:00 PM EDT
01/31/2023,2023,6.0,4.5714287757873500,30265.0,Data as Reported to CDC as of 01 Nov 2024 2:00 PM EDT
02/01/2023,2023,3.0,4.0,30268.0,Data as Reported to CDC as of 01 Nov 2024 2:00 PM EDT
02/02/2023,2023,5.0,4.285714149475100,30273.0,Data as Reported to CDC as of 01 Nov 2024 2:00 PM EDT
02/03/2023,2023,2.0,3.857142925262450,30275.0,Data as Reported to CDC as of 01 Nov 2024 2:00 PM EDT
02/04/2023,2023,4.0,3.857142925262450,30279.0,Data as Reported to CDC as of 01 Nov 2024 2:00 PM EDT
02/05/2023,2023,1.0,3.5714285373687700,30280.0,Data as Reported to CDC as of 01 Nov 2024 2:00 PM EDT
02/06/2023,2023,1.0,3.142857074737550,30281.0,Data as Reported to CDC as of 01 Nov 2024 2:00 PM EDT
02/07/2023,2023,3.0,2.7142856121063200,30284.0,Data as Reported to CDC as of 01 Nov 2024 2:00 PM EDT
02/08/2023,2023,2.0,2.5714285373687700,30286.0,Data as Reported to CDC as of 01 Nov 2024 2:00 PM EDT
02/09/2023,2023,2.0,2.142857074737550,30288.0,Data as Reported to CDC as of 01 Nov 2024 2:00 PM EDT
02/10/2023,2023,4.0,2.4285714626312300,30292.0,Data as Reported to CDC as of 01 Nov 2024 2:00 PM EDT
02/11/2023,2023,1.0,2.0,30293.0,Data as Reported to CDC as of 01 Nov 2024 2:00 PM EDT
02/12/2023,2023,2.0,2.142857074737550,30295.0,Data as Reported to CDC as of 01 Nov 2024 2:00 PM EDT
02/13/2023,2023,1.0,2.142857074737550,30296.0,Data as Reported to CDC as of 01 Nov 2024 2:00 PM EDT
02/14/2023,2023,2.0,2.0,30298.0,Data as Reported to CDC as of 01 Nov 2024 2:00 PM EDT
02/15/2023,2023,2.0,2.0,30300.0,Data as Reported to CDC as of 01 Nov 2024 2:00 PM EDT
02/16/2023,2023,3.0,2.142857074737550,30303.0,Data as Reported to CDC as of 01 Nov 2024 2:00 PM EDT
02/17/2023,2023,3.0,2.0,30306.0,Data as Reported to CDC as of 01 Nov 2024 2:00 PM EDT
02/18/2023,2023,4.0,2.4285714626312300,30310.0,Data as Reported to CDC as of 01 Nov 2024 2:00 PM EDT
02/19/2023,2023,1.0,2.2857143878936800,30311.0,Data as Reported to CDC as of 01 Nov 2024 2:00 PM EDT
02/20/2023,2023,3.0,2.5714285373687700,30314.0,Data as Reported to CDC as of 01 Nov 2024 2:00 PM EDT
02/21/2023,2023,0.0,2.2857143878936800,30314.0,Data as Reported to CDC as of 01 Nov 2024 2:00 PM EDT
02/22/2023,2023,2.0,2.2857143878936800,30316.0,Data as Reported to CDC as of 01 Nov 2024 2:00 PM EDT
02/23/2023,2023,2.0,2.142857074737550,30318.0,Data as Reported to CDC as of 01 Nov 2024 2:00 PM EDT
02/24/2023,2023,3.0,2.142857074737550,30321.0,Data as Reported to CDC as of 01 Nov 2024 2:00 PM EDT
02/25/2023,2023,1.0,1.7142857313156100,30322.0,Data as Reported to CDC as of 01 Nov 2024 2:00 PM EDT
02/26/2023,2023,4.0,2.142857074737550,30326.0,Data as Reported to CDC as of 01 Nov 2024 2:00 PM EDT
02/27/2023,2023,3.0,2.142857074737550,30329.0,Data as Reported to CDC as of 01 Nov 2024 2:00 PM EDT
02/28/2023,2023,6.0,3.0,30335.0,Data as Reported to CDC as of 01 Nov 2024 2:00 PM EDT
03/01/2023,2023,2.0,3.0,30337.0,Data as Reported to CDC as of 01 Nov 2024 2:00 PM EDT
03/02/2023,2023,1.0,2.857142925262450,30338.0,Data as Reported to CDC as of 01 Nov 2024 2:00 PM EDT
03/03/2023,2023,0.0,2.4285714626312300,30338.0,Data as Reported to CDC as of 01 Nov 2024 2:00 PM EDT
03/04/2023,2023,7.0,3.2857143878936800,30345.0,Data as Reported to CDC as of 01 Nov 2024 2:00 PM EDT
03/05/2023,2023,2.0,3.0,30347.0,Data as Reported to CDC as of 01 Nov 2024 2:00 PM EDT
03/06/2023,2023,0.0,2.5714285373687700,30347.0,Data as Reported to CDC as of 01 Nov 2024 2:00 PM EDT
03/07/2023,2023,1.0,1.8571428060531600,30348.0,Data as Reported to CDC as of 01 Nov 2024 2:00 PM EDT
03/08/2023,2023,2.0,1.8571428060531600,30350.0,Data as Reported to CDC as of 01 Nov 2024 2:00 PM EDT
03/09/2023,2023,2.0,2.0,30352.0,Data as Reported to CDC as of 01 Nov 2024 2:00 PM EDT
03/10/2023,2023,3.0,2.4285714626312300,30355.0,Data as Reported to CDC as of 01 Nov 2024 2:00 PM EDT
03/11/2023,2023,3.0,1.8571428060531600,30358.0,Data as Reported to CDC as of 01 Nov 2024 2:00 PM EDT
03/12/2023,2023,0.0,1.5714285373687700,30358.0,Data as Reported to CDC as of 01 Nov 2024 2:00 PM EDT
03/13/2023,2023,5.0,2.2857143878936800,30363.0,Data as Reported to CDC as of 01 Nov 2024 2:00 PM EDT
03/14/2023,2023,2.0,2.4285714626312300,30365.0,Data as Reported to CDC as of 01 Nov 2024 2:00 PM EDT
03/15/2023,2023,0.0,2.142857074737550,30365.0,Data as Reported to CDC as of 01 Nov 2024 2:00 PM EDT
03/16/2023,2023,2.0,2.142857074737550,30367.0,Data as Reported to CDC as of 01 Nov 2024 2:00 PM EDT
03/17/2023,2023,2.0,2.0,30369.0,Data as Reported to CDC as of 01 Nov 2024 2:00 PM EDT
03/18/2023,2023,1.0,1.7142857313156100,30370.0,Data as Reported to CDC as of 01 Nov 2024 2:00 PM EDT
03/19/2023,2023,1.0,1.8571428060531600,30371.0,Data as Reported to CDC as of 01 Nov 2024 2:00 PM EDT
03/20/2023,2023,1.0,1.2857142686843900,30372.0,Data as Reported to CDC as of 01 Nov 2024 2:00 PM EDT
03/21/2023,2023,2.0,1.2857142686843900,30374.0,Data as Reported to CDC as of 01 Nov 2024 2:00 PM EDT
03/22/2023,2023,0.0,1.2857142686843900,30374.0,Data as Reported to CDC as of 01 Nov 2024 2:00 PM EDT
03/23/2023,2023,2.0,1.2857142686843900,30376.0,Data as Reported to CDC as of 01 Nov 2024 2:00 PM EDT
03/24/2023,2023,3.0,1.4285714626312300,30379.0,Data as Reported to CDC as of 01 Nov 2024 2:00 PM EDT
03/25/2023,2023,1.0,1.4285714626312300,30380.0,Data as Reported to CDC as of 01 Nov 2024 2:00 PM EDT
03/26/2023,2023,2.0,1.5714285373687700,30382.0,Data as Reported to CDC as of 01 Nov 2024 2:00 PM EDT
03/27/2023,2023,3.0,1.8571428060531600,30385.0,Data as Reported to CDC as of 01 Nov 2024 2:00 PM EDT
03/28/2023,2023,0.0,1.5714285373687700,30385.0,Data as Reported to CDC as of 01 Nov 2024 2:00 PM EDT
03/29/2023,2023,2.0,1.8571428060531600,30387.0,Data as Reported to CDC as of 01 Nov 2024 2:00 PM EDT
03/30/2023,2023,3.0,2.0,30390.0,Data as Reported to CDC as of 01 Nov 2024 2:00 PM EDT
03/31/2023,2023,2.0,1.8571428060531600,30392.0,Data as Reported to CDC as of 01 Nov 2024 2:00 PM EDT
04/01/2023,2023,2.0,2.0,30394.0,Data as Reported to CDC as of 01 Nov 2024 2:00 PM EDT
04/02/2023,2023,0.0,1.7142857313156100,30394.0,Data as Reported to CDC as of 01 Nov 2024 2:00 PM EDT
04/03/2023,2023,3.0,1.7142857313156100,30397.0,Data as Reported to CDC as of 01 Nov 2024 2:00 PM EDT
04/04/2023,2023,0.0,1.7142857313156100,30397.0,Data as Reported to CDC as of 01 Nov 2024 2:00 PM EDT
04/05/2023,2023,3.0,1.8571428060531600,30400.0,Data as Reported to CDC as of 01 Nov 2024 2:00 PM EDT
04/06/2023,2023,1.0,1.5714285373687700,30401.0,Data as Reported to CDC as of 01 Nov 2024 2:00 PM EDT
04/07/2023,2023,0.0,1.2857142686843900,30401.0,Data as Reported to CDC as of 01 Nov 2024 2:00 PM EDT
04/08/2023,2023,0.0,1.0,30401.0,Data as Reported to CDC as of 01 Nov 2024 2:00 PM EDT
04/09/2023,2023,0.0,1.0,30401.0,Data as Reported to CDC as of 01 Nov 2024 2:00 PM EDT
04/10/2023,2023,0.0,0.5714285969734190,30401.0,Data as Reported to CDC as of 01 Nov 2024 2:00 PM EDT
04/11/2023,2023,0.0,0.5714285969734190,30401.0,Data as Reported to CDC as of 01 Nov 2024 2:00 PM EDT
04/12/2023,2023,3.0,0.5714285969734190,30404.0,Data as Reported to CDC as of 01 Nov 2024 2:00 PM EDT
04/13/2023,2023,2.0,0.7142857313156130,30406.0,Data as Reported to CDC as of 01 Nov 2024 2:00 PM EDT
04/14/2023,2023,2.0,1.0,30408.0,Data as Reported to CDC as of 01 Nov 2024 2:00 PM EDT
04/15/2023,2023,3.0,1.4285714626312300,30411.0,Data as Reported to CDC as of 01 Nov 2024 2:00 PM EDT
04/16/2023,2023,3.0,1.8571428060531600,30414.0,Data as Reported to CDC as of 01 Nov 2024 2:00 PM EDT
04/17/2023,2023,1.0,2.0,30415.0,Data as Reported to CDC as of 01 Nov 2024 2:00 PM EDT
04/18/2023,2023,5.0,2.7142856121063200,30420.0,Data as Reported to CDC as of 01 Nov 2024 2:00 PM EDT
04/19/2023,2023,2.0,2.5714285373687700,30422.0,Data as Reported to CDC as of 01 Nov 2024 2:00 PM EDT
04/20/2023,2023,4.0,2.857142925262450,30426.0,Data as Reported to CDC as of 01 Nov 2024 2:00 PM EDT
04/21/2023,2023,2.0,2.857142925262450,30428.0,Data as Reported to CDC as of 01 Nov 2024 2:00 PM EDT
04/22/2023,2023,0.0,2.4285714626312300,30428.0,Data as Reported to CDC as of 01 Nov 2024 2:00 PM EDT
04/23/2023,2023,3.0,2.4285714626312300,30431.0,Data as Reported to CDC as of 01 Nov 2024 2:00 PM EDT
04/24/2023,2023,1.0,2.4285714626312300,30432.0,Data as Reported to CDC as of 01 Nov 2024 2:00 PM EDT
04/25/2023,2023,1.0,1.8571428060531600,30433.0,Data as Reported to CDC as of 01 Nov 2024 2:00 PM EDT
04/26/2023,2023,0.0,1.5714285373687700,30433.0,Data as Reported to CDC as of 01 Nov 2024 2:00 PM EDT
04/27/2023,2023,1.0,1.1428571939468400,30434.0,Data as Reported to CDC as of 01 Nov 2024 2:00 PM EDT
04/28/2023,2023,1.0,1.0,30435.0,Data as Reported to CDC as of 01 Nov 2024 2:00 PM EDT
04/29/2023,2023,2.0,1.2857142686843900,30437.0,Data as Reported to CDC as of 01 Nov 2024 2:00 PM EDT
04/30/2023,2023,1.0,1.0,30438.0,Data as Reported to CDC as of 01 Nov 2024 2:00 PM EDT
05/01/2023,2023,7.0,1.8571428060531600,30445.0,Data as Reported to CDC as of 01 Nov 2024 2:00 PM EDT
05/02/2023,2023,2.0,2.0,30447.0,Data as Reported to CDC as of 01 Nov 2024 2:00 PM EDT
05/03/2023,2023,5.0,2.7142856121063200,30452.0,Data as Reported to CDC as of 01 Nov 2024 2:00 PM EDT
05/04/2023,2023,5.0,3.2857143878936800,30457.0,Data as Reported to CDC as of 01 Nov 2024 2:00 PM EDT
05/05/2023,2023,2.0,3.4285714626312300,30459.0,Data as Reported to CDC as of 01 Nov 2024 2:00 PM EDT
05/06/2023,2023,2.0,3.4285714626312300,30461.0,Data as Reported to CDC as of 01 Nov 2024 2:00 PM EDT
05/07/2023,2023,4.0,3.857142925262450,30465.0,Data as Reported to CDC as of 01 Nov 2024 2:00 PM EDT
05/08/2023,2023,1.0,3.0,30466.0,Data as Reported to CDC as of 01 Nov 2024 2:00 PM EDT
05/09/2023,2023,4.0,3.2857143878936800,30470.0,Data as Reported to CDC as of 01 Nov 2024 2:00 PM EDT
05/10/2023,2023,1.0,2.7142856121063200,30471.0,Data as Reported to CDC as of 01 Nov 2024 2:00 PM EDT
05/11/2023,2023,3.0,2.4285714626312300,30474.0,Data as Reported to CDC as of 01 Nov 2024 2:00 PM EDT
05/12/2023,2023,0.0,2.142857074737550,30474.0,Data as Reported to CDC as of 01 Nov 2024 2:00 PM EDT
05/13/2023,2023,6.0,2.7142856121063200,30480.0,Data as Reported to CDC as of 01 Nov 2024 2:00 PM EDT
05/14/2023,2023,1.0,2.2857143878936800,30481.0,Data as Reported to CDC as of 01 Nov 2024 2:00 PM EDT
05/15/2023,2023,6.0,3.0,30487.0,Data as Reported to CDC as of 01 Nov 2024 2:00 PM EDT
05/16/2023,2023,3.0,2.857142925262450,30490.0,Data as Reported to CDC as of 01 Nov 2024 2:00 PM EDT
05/17/2023,2023,2.0,3.0,30492.0,Data as Reported to CDC as of 01 Nov 2024 2:00 PM EDT
05/18/2023,2023,4.0,3.142857074737550,30496.0,Data as Reported to CDC as of 01 Nov 2024 2:00 PM EDT
05/19/2023,2023,2.0,3.4285714626312300,30498.0,Data as Reported to CDC as of 01 Nov 2024 2:00 PM EDT
05/20/2023,2023,2.0,2.857142925262450,30500.0,Data as Reported to CDC as of 01 Nov 2024 2:00 PM EDT
05/21/2023,2023,0.0,2.7142856121063200,30500.0,Data as Reported to CDC as of 01 Nov 2024 2:00 PM EDT
05/22/2023,2023,3.0,2.2857143878936800,30503.0,Data as Reported to CDC as of 01 Nov 2024 2:00 PM EDT
05/23/2023,2023,2.0,2.142857074737550,30505.0,Data as Reported to CDC as of 01 Nov 2024 2:00 PM EDT
05/24/2023,2023,5.0,2.5714285373687700,30510.0,Data as Reported to CDC as of 01 Nov 2024 2:00 PM EDT
05/25/2023,2023,4.0,2.5714285373687700,30514.0,Data as Reported to CDC as of 01 Nov 2024 2:00 PM EDT
05/26/2023,2023,4.0,2.857142925262450,30518.0,Data as Reported to CDC as of 01 Nov 2024 2:00 PM EDT
05/27/2023,2023,3.0,3.0,30521.0,Data as Reported to CDC as of 01 Nov 2024 2:00 PM EDT
05/28/2023,2023,6.0,3.857142925262450,30527.0,Data as Reported to CDC as of 01 Nov 2024 2:00 PM EDT
05/29/2023,2023,2.0,3.7142856121063200,30529.0,Data as Reported to CDC as of 01 Nov 2024 2:00 PM EDT
05/30/2023,2023,2.0,3.7142856121063200,30531.0,Data as Reported to CDC as of 01 Nov 2024 2:00 PM EDT
05/31/2023,2023,1.0,3.142857074737550,30532.0,Data as Reported to CDC as of 01 Nov 2024 2:00 PM EDT
06/01/2023,2023,2.0,2.857142925262450,30534.0,Data as Reported to CDC as of 01 Nov 2024 2:00 PM EDT
06/02/2023,2023,5.0,3.0,30539.0,Data as Reported to CDC as of 01 Nov 2024 2:00 PM EDT
06/03/2023,2023,2.0,2.857142925262450,30541.0,Data as Reported to CDC as of 01 Nov 2024 2:00 PM EDT
06/04/2023,2023,4.0,2.5714285373687700,30545.0,Data as Reported to CDC as of 01 Nov 2024 2:00 PM EDT
06/05/2023,2023,5.0,3.0,30550.0,Data as Reported to CDC as of 01 Nov 2024 2:00 PM EDT
06/06/2023,2023,4.0,3.2857143878936800,30554.0,Data as Reported to CDC as of 01 Nov 2024 2:00 PM EDT
06/07/2023,2023,2.0,3.4285714626312300,30556.0,Data as Reported to CDC as of 01 Nov 2024 2:00 PM EDT
06/08/2023,2023,3.0,3.5714285373687700,30559.0,Data as Reported to CDC as of 01 Nov 2024 2:00 PM EDT
06/09/2023,2023,4.0,3.4285714626312300,30563.0,Data as Reported to CDC as of 01 Nov 2024 2:00 PM EDT
06/10/2023,2023,3.0,3.5714285373687700,30566.0,Data as Reported to CDC as of 01 Nov 2024 2:00 PM EDT
06/11/2023,2023,4.0,3.5714285373687700,30570.0,Data as Reported to CDC as of 01 Nov 2024 2:00 PM EDT
06/12/2023,2023,2.0,3.142857074737550,30572.0,Data as Reported to CDC as of 01 Nov 2024 2:00 PM EDT
06/13/2023,2023,6.0,3.4285714626312300,30578.0,Data as Reported to CDC as of 01 Nov 2024 2:00 PM EDT
06/14/2023,2023,5.0,3.857142925262450,30583.0,Data as Reported to CDC as of 01 Nov 2024 2:00 PM EDT
06/15/2023,2023,3.0,3.857142925262450,30586.0,Data as Reported to CDC as of 01 Nov 2024 2:00 PM EDT
06/16/2023,2023,6.0,4.142857074737550,30592.0,Data as Reported to CDC as of 01 Nov 2024 2:00 PM EDT
06/17/2023,2023,3.0,4.142857074737550,30595.0,Data as Reported to CDC as of 01 Nov 2024 2:00 PM EDT
06/18/2023,2023,6.0,4.4285712242126500,30601.0,Data as Reported to CDC as of 01 Nov 2024 2:00 PM EDT
06/19/2023,2023,6.0,5.0,30607.0,Data as Reported to CDC as of 01 Nov 2024 2:00 PM EDT
06/20/2023,2023,3.0,4.5714287757873500,30610.0,Data as Reported to CDC as of 01 Nov 2024 2:00 PM EDT
06/21/2023,2023,4.0,4.4285712242126500,30614.0,Data as Reported to CDC as of 01 Nov 2024 2:00 PM EDT
06/22/2023,2023,3.0,4.4285712242126500,30617.0,Data as Reported to CDC as of 01 Nov 2024 2:00 PM EDT
06/23/2023,2023,3.0,4.0,30620.0,Data as Reported to CDC as of 01 Nov 2024 2:00 PM EDT
06/24/2023,2023,1.0,3.7142856121063200,30621.0,Data as Reported to CDC as of 01 Nov 2024 2:00 PM EDT
06/25/2023,2023,4.0,3.4285714626312300,30625.0,Data as Reported to CDC as of 01 Nov 2024 2:00 PM EDT
06/26/2023,2023,4.0,3.142857074737550,30629.0,Data as Reported to CDC as of 01 Nov 2024 2:00 PM EDT
06/27/2023,2023,5.0,3.4285714626312300,30634.0,Data as Reported to CDC as of 01 Nov 2024 2:00 PM EDT
06/28/2023,2023,6.0,3.7142856121063200,30640.0,Data as Reported to CDC as of 01 Nov 2024 2:00 PM EDT
06/29/2023,2023,5.0,4.0,30645.0,Data as Reported to CDC as of 01 Nov 2024 2:00 PM EDT
06/30/2023,2023,3.0,4.0,30648.0,Data as Reported to CDC as of 01 Nov 2024 2:00 PM EDT
07/01/2023,2023,2.0,4.142857074737550,30650.0,Data as Reported to CDC as of 01 Nov 2024 2:00 PM EDT
07/02/2023,2023,5.0,4.285714149475100,30655.0,Data as Reported to CDC as of 01 Nov 2024 2:00 PM EDT
07/03/2023,2023,4.0,4.285714149475100,30659.0,Data as Reported to CDC as of 01 Nov 2024 2:00 PM EDT
07/04/2023,2023,3.0,4.0,30662.0,Data as Reported to CDC as of 01 Nov 2024 2:00 PM EDT
07/05/2023,2023,3.0,3.5714285373687700,30665.0,Data as Reported to CDC as of 01 Nov 2024 2:00 PM EDT
07/06/2023,2023,6.0,3.7142856121063200,30671.0,Data as Reported to CDC as of 01 Nov 2024 2:00 PM EDT
07/07/2023,2023,7.0,4.285714149475100,30678.0,Data as Reported to CDC as of 01 Nov 2024 2:00 PM EDT
07/08/2023,2023,5.0,4.714285850524900,30683.0,Data as Reported to CDC as of 01 Nov 2024 2:00 PM EDT
07/09/2023,2023,4.0,4.5714287757873500,30687.0,Data as Reported to CDC as of 01 Nov 2024 2:00 PM EDT
07/10/2023,2023,7.0,5.0,30694.0,Data as Reported to CDC as of 01 Nov 2024 2:00 PM EDT
07/11/2023,2023,5.0,5.285714149475100,30699.0,Data as Reported to CDC as of 01 Nov 2024 2:00 PM EDT
07/12/2023,2023,4.0,5.4285712242126500,30703.0,Data as Reported to CDC as of 01 Nov 2024 2:00 PM EDT
07/13/2023,2023,3.0,5.0,30706.0,Data as Reported to CDC as of 01 Nov 2024 2:00 PM EDT
07/14/2023,2023,6.0,4.857142925262450,30712.0,Data as Reported to CDC as of 01 Nov 2024 2:00 PM EDT
07/15/2023,2023,6.0,5.0,30718.0,Data as Reported to CDC as of 01 Nov 2024 2:00 PM EDT
07/16/2023,2023,2.0,4.714285850524900,30720.0,Data as Reported to CDC as of 01 Nov 2024 2:00 PM EDT
07/17/2023,2023,2.0,4.0,30722.0,Data as Reported to CDC as of 01 Nov 2024 2:00 PM EDT
07/18/2023,2023,4.0,3.857142925262450,30726.0,Data as Reported to CDC as of 01 Nov 2024 2:00 PM EDT
07/19/2023,2023,9.0,4.5714287757873500,30735.0,Data as Reported to CDC as of 01 Nov 2024 2:00 PM EDT
07/20/2023,2023,2.0,4.4285712242126500,30737.0,Data as Reported to CDC as of 01 Nov 2024 2:00 PM EDT
07/21/2023,2023,0.0,3.5714285373687700,30737.0,Data as Reported to CDC as of 01 Nov 2024 2:00 PM EDT
07/22/2023,2023,2.0,3.0,30739.0,Data as Reported to CDC as of 01 Nov 2024 2:00 PM EDT
07/23/2023,2023,1.0,2.857142925262450,30740.0,Data as Reported to CDC as of 01 Nov 2024 2:00 PM EDT
07/24/2023,2023,5.0,3.2857143878936800,30745.0,Data as Reported to CDC as of 01 Nov 2024 2:00 PM EDT
07/25/2023,2023,6.0,3.5714285373687700,30751.0,Data as Reported to CDC as of 01 Nov 2024 2:00 PM EDT
07/26/2023,2023,4.0,2.857142925262450,30755.0,Data as Reported to CDC as of 01 Nov 2024 2:00 PM EDT
07/27/2023,2023,4.0,3.142857074737550,30759.0,Data as Reported to CDC as of 01 Nov 2024 2:00 PM EDT
07/28/2023,2023,2.0,3.4285714626312300,30761.0,Data as Reported to CDC as of 01 Nov 2024 2:00 PM EDT
07/29/2023,2023,1.0,3.2857143878936800,30762.0,Data as Reported to CDC as of 01 Nov 2024 2:00 PM EDT
07/30/2023,2023,2.0,3.4285714626312300,30764.0,Data as Reported to CDC as of 01 Nov 2024 2:00 PM EDT
07/31/2023,2023,6.0,3.5714285373687700,30770.0,Data as Reported to CDC as of 01 Nov 2024 2:00 PM EDT
08/01/2023,2023,5.0,3.4285714626312300,30775.0,Data as Reported to CDC as of 01 Nov 2024 2:00 PM EDT
08/02/2023,2023,6.0,3.7142856121063200,30781.0,Data as Reported to CDC as of 01 Nov 2024 2:00 PM EDT
08/03/2023,2023,3.0,3.5714285373687700,30784.0,Data as Reported to CDC as of 01 Nov 2024 2:00 PM EDT
08/04/2023,2023,5.0,4.0,30789.0,Data as Reported to CDC as of 01 Nov 2024 2:00 PM EDT
08/05/2023,2023,2.0,4.142857074737550,30791.0,Data as Reported to CDC as of 01 Nov 2024 2:00 PM EDT
08/06/2023,2023,2.0,4.142857074737550,30793.0,Data as Reported to CDC as of 01 Nov 2024 2:00 PM EDT
08/07/2023,2023,4.0,3.857142925262450,30797.0,Data as Reported to CDC as of 01 Nov 2024 2:00 PM EDT
08/08/2023,2023,5.0,3.857142925262450,30802.0,Data as Reported to CDC as of 01 Nov 2024 2:00 PM EDT
08/09/2023,2023,5.0,3.7142856121063200,30807.0,Data as Reported to CDC as of 01 Nov 2024 2:00 PM EDT
08/10/2023,2023,2.0,3.5714285373687700,30809.0,Data as Reported to CDC as of 01 Nov 2024 2:00 PM EDT
08/11/2023,2023,3.0,3.2857143878936800,30812.0,Data as Reported to CDC as of 01 Nov 2024 2:00 PM EDT
08/12/2023,2023,3.0,3.4285714626312300,30815.0,Data as Reported to CDC as of 01 Nov 2024 2:00 PM EDT
08/13/2023,2023,4.0,3.7142856121063200,30819.0,Data as Reported to CDC as of 01 Nov 2024 2:00 PM EDT
08/14/2023,2023,3.0,3.5714285373687700,30822.0,Data as Reported to CDC as of 01 Nov 2024 2:00 PM EDT
08/15/2023,2023,5.0,3.5714285373687700,30827.0,Data as Reported to CDC as of 01 Nov 2024 2:00 PM EDT
08/16/2023,2023,6.0,3.7142856121063200,30833.0,Data as Reported to CDC as of 01 Nov 2024 2:00 PM EDT
08/17/2023,2023,1.0,3.5714285373687700,30834.0,Data as Reported to CDC as of 01 Nov 2024 2:00 PM EDT
08/18/2023,2023,3.0,3.5714285373687700,30837.0,Data as Reported to CDC as of 01 Nov 2024 2:00 PM EDT
08/19/2023,2023,1.0,3.2857143878936800,30838.0,Data as Reported to CDC as of 01 Nov 2024 2:00 PM EDT
08/20/2023,2023,0.0,2.7142856121063200,30838.0,Data as Reported to CDC as of 01 Nov 2024 2:00 PM EDT
08/21/2023,2023,4.0,2.857142925262450,30842.0,Data as Reported to CDC as of 01 Nov 2024 2:00 PM EDT
08/22/2023,2023,3.0,2.5714285373687700,30845.0,Data as Reported to CDC as of 01 Nov 2024 2:00 PM EDT
08/23/2023,2023,6.0,2.5714285373687700,30851.0,Data as Reported to CDC as of 01 Nov 2024 2:00 PM EDT
08/24/2023,2023,5.0,3.142857074737550,30856.0,Data as Reported to CDC as of 01 Nov 2024 2:00 PM EDT
08/25/2023,2023,3.0,3.142857074737550,30859.0,Data as Reported to CDC as of 01 Nov 2024 2:00 PM EDT
08/26/2023,2023,0.0,3.0,30859.0,Data as Reported to CDC as of 01 Nov 2024 2:00 PM EDT
08/27/2023,2023,3.0,3.4285714626312300,30862.0,Data as Reported to CDC as of 01 Nov 2024 2:00 PM EDT
08/28/2023,2023,2.0,3.142857074737550,30864.0,Data as Reported to CDC as of 01 Nov 2024 2:00 PM EDT
08/29/2023,2023,4.0,3.2857143878936800,30868.0,Data as Reported to CDC as of 01 Nov 2024 2:00 PM EDT
08/30/2023,2023,2.0,2.7142856121063200,30870.0,Data as Reported to CDC as of 01 Nov 2024 2:00 PM EDT
08/31/2023,2023,1.0,2.142857074737550,30871.0,Data as Reported to CDC as of 01 Nov 2024 2:00 PM EDT
09/01/2023,2023,2.0,2.0,30873.0,Data as Reported to CDC as of 01 Nov 2024 2:00 PM EDT
09/02/2023,2023,1.0,2.142857074737550,30874.0,Data as Reported to CDC as of 01 Nov 2024 2:00 PM EDT
09/03/2023,2023,2.0,2.0,30876.0,Data as Reported to CDC as of 01 Nov 2024 2:00 PM EDT
09/04/2023,2023,4.0,2.2857143878936800,30880.0,Data as Reported to CDC as of 01 Nov 2024 2:00 PM EDT
09/05/2023,2023,5.0,2.4285714626312300,30885.0,Data as Reported to CDC as of 01 Nov 2024 2:00 PM EDT
09/06/2023,2023,4.0,2.7142856121063200,30889.0,Data as Reported to CDC as of 01 Nov 2024 2:00 PM EDT
09/07/2023,2023,0.0,2.5714285373687700,30889.0,Data as Reported to CDC as of 01 Nov 2024 2:00 PM EDT
09/08/2023,2023,4.0,2.857142925262450,30893.0,Data as Reported to CDC as of 01 Nov 2024 2:00 PM EDT
09/09/2023,2023,6.0,3.5714285373687700,30899.0,Data as Reported to CDC as of 01 Nov 2024 2:00 PM EDT
09/10/2023,2023,8.0,4.4285712242126500,30907.0,Data as Reported to CDC as of 01 Nov 2024 2:00 PM EDT
09/11/2023,2023,3.0,4.285714149475100,30910.0,Data as Reported to CDC as of 01 Nov 2024 2:00 PM EDT
09/12/2023,2023,7.0,4.5714287757873500,30917.0,Data as Reported to CDC as of 01 Nov 2024 2:00 PM EDT
09/13/2023,2023,2.0,4.285714149475100,30919.0,Data as Reported to CDC as of 01 Nov 2024 2:00 PM EDT
09/14/2023,2023,4.0,4.857142925262450,30923.0,Data as Reported to CDC as of 01 Nov 2024 2:00 PM EDT
09/15/2023,2023,9.0,5.5714287757873500,30932.0,Data as Reported to CDC as of 01 Nov 2024 2:00 PM EDT
09/16/2023,2023,3.0,5.142857074737550,30935.0,Data as Reported to CDC as of 01 Nov 2024 2:00 PM EDT
09/17/2023,2023,3.0,4.4285712242126500,30938.0,Data as Reported to CDC as of 01 Nov 2024 2:00 PM EDT
09/18/2023,2023,7.0,5.0,30945.0,Data as Reported to CDC as of 01 Nov 2024 2:00 PM EDT
09/19/2023,2023,5.0,4.714285850524900,30950.0,Data as Reported to CDC as of 01 Nov 2024 2:00 PM EDT
09/20/2023,2023,5.0,5.142857074737550,30955.0,Data as Reported to CDC as of 01 Nov 2024 2:00 PM EDT
09/21/2023,2023,6.0,5.4285712242126500,30961.0,Data as Reported to CDC as of 01 Nov 2024 2:00 PM EDT
09/22/2023,2023,7.0,5.142857074737550,30968.0,Data as Reported to CDC as of 01 Nov 2024 2:00 PM EDT
09/23/2023,2023,5.0,5.4285712242126500,30973.0,Data as Reported to CDC as of 01 Nov 2024 2:00 PM EDT
09/24/2023,2023,3.0,5.4285712242126500,30976.0,Data as Reported to CDC as of 01 Nov 2024 2:00 PM EDT
09/25/2023,2023,6.0,5.285714149475100,30982.0,Data as Reported to CDC as of 01 Nov 2024 2:00 PM EDT
09/26/2023,2023,6.0,5.4285712242126500,30988.0,Data as Reported to CDC as of 01 Nov 2024 2:00 PM EDT
09/27/2023,2023,2.0,5.0,30990.0,Data as Reported to CDC as of 01 Nov 2024 2:00 PM EDT
09/28/2023,2023,8.0,5.285714149475100,30998.0,Data as Reported to CDC as of 01 Nov 2024 2:00 PM EDT
09/29/2023,2023,4.0,4.857142925262450,31002.0,Data as Reported to CDC as of 01 Nov 2024 2:00 PM EDT
09/30/2023,2023,5.0,4.857142925262450,31007.0,Data as Reported to CDC as of 01 Nov 2024 2:00 PM EDT
10/01/2023,2023,4.0,5.0,31011.0,Data as Reported to CDC as of 01 Nov 2024 2:00 PM EDT
10/02/2023,2023,8.0,5.285714149475100,31019.0,Data as Reported to CDC as of 01 Nov 2024 2:00 PM EDT
10/03/2023,2023,6.0,5.285714149475100,31025.0,Data as Reported to CDC as of 01 Nov 2024 2:00 PM EDT
10/04/2023,2023,5.0,5.714285850524900,31030.0,Data as Reported to CDC as of 01 Nov 2024 2:00 PM EDT
10/05/2023,2023,15.0,6.714285850524900,31045.0,Data as Reported to CDC as of 01 Nov 2024 2:00 PM EDT
10/06/2023,2023,6.0,7.0,31051.0,Data as Reported to CDC as of 01 Nov 2024 2:00 PM EDT
10/07/2023,2023,9.0,7.5714287757873500,31060.0,Data as Reported to CDC as of 01 Nov 2024 2:00 PM EDT
10/08/2023,2023,8.0,8.142857551574710,31068.0,Data as Reported to CDC as of 01 Nov 2024 2:00 PM EDT
10/09/2023,2023,6.0,7.857142925262450,31074.0,Data as Reported to CDC as of 01 Nov 2024 2:00 PM EDT
10/10/2023,2023,7.0,8.0,31081.0,Data as Reported to CDC as of 01 Nov 2024 2:00 PM EDT
10/11/2023,2023,7.0,8.285714149475100,31088.0,Data as Reported to CDC as of 01 Nov 2024 2:00 PM EDT
10/12/2023,2023,11.0,7.714285850524900,31099.0,Data as Reported to CDC as of 01 Nov 2024 2:00 PM EDT
10/13/2023,2023,18.0,9.428571701049810,31117.0,Data as Reported to CDC as of 01 Nov 2024 2:00 PM EDT
10/14/2023,2023,7.0,9.142857551574710,31124.0,Data as Reported to CDC as of 01 Nov 2024 2:00 PM EDT
10/15/2023,2023,8.0,9.142857551574710,31132.0,Data as Reported to CDC as of 01 Nov 2024 2:00 PM EDT
10/16/2023,2023,11.0,9.857142448425290,31143.0,Data as Reported to CDC as of 01 Nov 2024 2:00 PM EDT
10/17/2023,2023,9.0,10.142857551574700,31152.0,Data as Reported to CDC as of 01 Nov 2024 2:00 PM EDT
10/18/2023,2023,2.0,9.428571701049810,31154.0,Data as Reported to CDC as of 01 Nov 2024 2:00 PM EDT
10/19/2023,2023,10.0,9.285714149475100,31164.0,Data as Reported to CDC as of 01 Nov 2024 2:00 PM EDT
10/20/2023,2023,13.0,8.571428298950200,31177.0,Data as Reported to CDC as of 01 Nov 2024 2:00 PM EDT
10/21/2023,2023,12.0,9.285714149475100,31189.0,Data as Reported to CDC as of 01 Nov 2024 2:00 PM EDT
10/22/2023,2023,4.0,8.714285850524900,31193.0,Data as Reported to CDC as of 01 Nov 2024 2:00 PM EDT
10/23/2023,2023,9.0,8.428571701049810,31202.0,Data as Reported to CDC as of 01 Nov 2024 2:00 PM EDT
10/24/2023,2023,10.0,8.571428298950200,31212.0,Data as Reported to CDC as of 01 Nov 2024 2:00 PM EDT
10/25/2023,2023,9.0,9.571428298950200,31221.0,Data as Reported to CDC as of 01 Nov 2024 2:00 PM EDT
10/26/2023,2023,13.0,10.0,31234.0,Data as Reported to CDC as of 01 Nov 2024 2:00 PM EDT
10/27/2023,2023,11.0,9.714285850524900,31245.0,Data as Reported to CDC as of 01 Nov 2024 2:00 PM EDT
10/28/2023,2023,5.0,8.714285850524900,31250.0,Data as Reported to CDC as of 01 Nov 2024 2:00 PM EDT
10/29/2023,2023,8.0,9.285714149475100,31258.0,Data as Reported to CDC as of 01 Nov 2024 2:00 PM EDT
10/30/2023,2023,9.0,9.285714149475100,31267.0,Data as Reported to CDC as of 01 Nov 2024 2:00 PM EDT
10/31/2023,2023,6.0,8.714285850524900,31273.0,Data as Reported to CDC as of 01 Nov 2024 2:00 PM EDT
11/01/2023,2023,8.0,8.571428298950200,31281.0,Data as Reported to CDC as of 01 Nov 2024 2:00 PM EDT
11/02/2023,2023,5.0,7.4285712242126500,31286.0,Data as Reported to CDC as of 01 Nov 2024 2:00 PM EDT
11/03/2023,2023,11.0,7.4285712242126500,31297.0,Data as Reported to CDC as of 01 Nov 2024 2:00 PM EDT
11/04/2023,2023,11.0,8.285714149475100,31308.0,Data as Reported to CDC as of 01 Nov 2024 2:00 PM EDT
11/05/2023,2023,4.0,7.714285850524900,31312.0,Data as Reported to CDC as of 01 Nov 2024 2:00 PM EDT
11/06/2023,2023,15.0,8.571428298950200,31327.0,Data as Reported to CDC as of 01 Nov 2024 2:00 PM EDT
11/07/2023,2023,11.0,9.285714149475100,31338.0,Data as Reported to CDC as of 01 Nov 2024 2:00 PM EDT
11/08/2023,2023,11.0,9.714285850524900,31349.0,Data as Reported to CDC as of 01 Nov 2024 2:00 PM EDT
11/09/2023,2023,15.0,11.142857551574700,31364.0,Data as Reported to CDC as of 01 Nov 2024 2:00 PM EDT
11/10/2023,2023,8.0,10.714285850524900,31372.0,Data as Reported to CDC as of 01 Nov 2024 2:00 PM EDT
11/11/2023,2023,9.0,10.428571701049800,31381.0,Data as Reported to CDC as of 01 Nov 2024 2:00 PM EDT
11/12/2023,2023,11.0,11.428571701049800,31392.0,Data as Reported to CDC as of 01 Nov 2024 2:00 PM EDT
11/13/2023,2023,11.0,10.857142448425300,31403.0,Data as Reported to CDC as of 01 Nov 2024 2:00 PM EDT
11/14/2023,2023,12.0,11.0,31415.0,Data as Reported to CDC as of 01 Nov 2024 2:00 PM EDT
11/15/2023,2023,11.0,11.0,31426.0,Data as Reported to CDC as of 01 Nov 2024 2:00 PM EDT
11/16/2023,2023,11.0,10.428571701049800,31437.0,Data as Reported to CDC as of 01 Nov 2024 2:00 PM EDT
11/17/2023,2023,8.0,10.428571701049800,31445.0,Data as Reported to CDC as of 01 Nov 2024 2:00 PM EDT
11/18/2023,2023,8.0,10.285714149475100,31453.0,Data as Reported to CDC as of 01 Nov 2024 2:00 PM EDT
11/19/2023,2023,7.0,9.714285850524900,31460.0,Data as Reported to CDC as of 01 Nov 2024 2:00 PM EDT
11/20/2023,2023,9.0,9.428571701049810,31469.0,Data as Reported to CDC as of 01 Nov 2024 2:00 PM EDT
11/21/2023,2023,12.0,9.428571701049810,31481.0,Data as Reported to CDC as of 01 Nov 2024 2:00 PM EDT
11/22/2023,2023,13.0,9.714285850524900,31494.0,Data as Reported to CDC as of 01 Nov 2024 2:00 PM EDT
11/23/2023,2023,6.0,9.0,31500.0,Data as Reported to CDC as of 01 Nov 2024 2:00 PM EDT
11/24/2023,2023,6.0,8.714285850524900,31506.0,Data as Reported to CDC as of 01 Nov 2024 2:00 PM EDT
11/25/2023,2023,6.0,8.428571701049810,31512.0,Data as Reported to CDC as of 01 Nov 2024 2:00 PM EDT
11/26/2023,2023,6.0,8.285714149475100,31518.0,Data as Reported to CDC as of 01 Nov 2024 2:00 PM EDT
11/27/2023,2023,15.0,9.142857551574710,31533.0,Data as Reported to CDC as of 01 Nov 2024 2:00 PM EDT
11/28/2023,2023,15.0,9.571428298950200,31548.0,Data as Reported to CDC as of 01 Nov 2024 2:00 PM EDT
11/29/2023,2023,8.0,8.857142448425290,31556.0,Data as Reported to CDC as of 01 Nov 2024 2:00 PM EDT
11/30/2023,2023,6.0,8.857142448425290,31562.0,Data as Reported to CDC as of 01 Nov 2024 2:00 PM EDT
12/01/2023,2023,8.0,9.142857551574710,31570.0,Data as Reported to CDC as of 01 Nov 2024 2:00 PM EDT
12/02/2023,2023,6.0,9.142857551574710,31576.0,Data as Reported to CDC as of 01 Nov 2024 2:00 PM EDT
12/03/2023,2023,10.0,9.714285850524900,31586.0,Data as Reported to CDC as of 01 Nov 2024 2:00 PM EDT
12/04/2023,2023,7.0,8.571428298950200,31593.0,Data as Reported to CDC as of 01 Nov 2024 2:00 PM EDT
12/05/2023,2023,8.0,7.5714287757873500,31601.0,Data as Reported to CDC as of 01 Nov 2024 2:00 PM EDT
12/06/2023,2023,9.0,7.714285850524900,31610.0,Data as Reported to CDC as of 01 Nov 2024 2:00 PM EDT
12/07/2023,2023,15.0,9.0,31625.0,Data as Reported to CDC as of 01 Nov 2024 2:00 PM EDT
12/08/2023,2023,10.0,9.285714149475100,31635.0,Data as Reported to CDC as of 01 Nov 2024 2:00 PM EDT
12/09/2023,2023,11.0,10.0,31646.0,Data as Reported to CDC as of 01 Nov 2024 2:00 PM EDT
12/10/2023,2023,12.0,10.285714149475100,31658.0,Data as Reported to CDC as of 01 Nov 2024 2:00 PM EDT
12/11/2023,2023,9.0,10.571428298950200,31667.0,Data as Reported to CDC as of 01 Nov 2024 2:00 PM EDT
12/12/2023,2023,5.0,10.142857551574700,31672.0,Data as Reported to CDC as of 01 Nov 2024 2:00 PM EDT
12/13/2023,2023,6.0,9.714285850524900,31678.0,Data as Reported to CDC as of 01 Nov 2024 2:00 PM EDT
12/14/2023,2023,5.0,8.285714149475100,31683.0,Data as Reported to CDC as of 01 Nov 2024 2:00 PM EDT
12/15/2023,2023,11.0,8.428571701049810,31694.0,Data as Reported to CDC as of 01 Nov 2024 2:00 PM EDT
12/16/2023,2023,6.0,7.714285850524900,31700.0,Data as Reported to CDC as of 01 Nov 2024 2:00 PM EDT
12/17/2023,2023,7.0,7.0,31707.0,Data as Reported to CDC as of 01 Nov 2024 2:00 PM EDT
12/18/2023,2023,13.0,7.5714287757873500,31720.0,Data as Reported to CDC as of 01 Nov 2024 2:00 PM EDT
12/19/2023,2023,5.0,7.5714287757873500,31725.0,Data as Reported to CDC as of 01 Nov 2024 2:00 PM EDT
12/20/2023,2023,7.0,7.714285850524900,31732.0,Data as Reported to CDC as of 01 Nov 2024 2:00 PM EDT
12/21/2023,2023,9.0,8.285714149475100,31741.0,Data as Reported to CDC as of 01 Nov 2024 2:00 PM EDT
12/22/2023,2023,5.0,7.4285712242126500,31746.0,Data as Reported to CDC as of 01 Nov 2024 2:00 PM EDT
12/23/2023,2023,14.0,8.571428298950200,31760.0,Data as Reported to CDC as of 01 Nov 2024 2:00 PM EDT
12/24/2023,2023,7.0,8.571428298950200,31767.0,Data as Reported to CDC as of 01 Nov 2024 2:00 PM EDT
12/25/2023,2023,9.0,8.0,31776.0,Data as Reported to CDC as of 01 Nov 2024 2:00 PM EDT
12/26/2023,2023,14.0,9.285714149475100,31790.0,Data as Reported to CDC as of 01 Nov 2024 2:00 PM EDT
12/27/2023,2023,4.0,8.857142448425290,31794.0,Data as Reported to CDC as of 01 Nov 2024 2:00 PM EDT
12/28/2023,2023,7.0,8.571428298950200,31801.0,Data as Reported to CDC as of 01 Nov 2024 2:00 PM EDT
12/29/2023,2023,7.0,8.857142448425290,31808.0,Data as Reported to CDC as of 01 Nov 2024 2:00 PM EDT
12/30/2023,2023,8.0,8.0,31816.0,Data as Reported to CDC as of 01 Nov 2024 2:00 PM EDT
12/31/2023,2023,3.0,7.4285712242126500,31819.0,Data as Reported to CDC as of 01 Nov 2024 2:00 PM EDT
01/01/2024,2024,7.0,7.142857074737550,31826.0,Data as Reported to CDC as of 01 Nov 2024 2:00 PM EDT
01/02/2024,2024,6.0,6.0,31832.0,Data as Reported to CDC as of 01 Nov 2024 2:00 PM EDT
01/03/2024,2024,10.0,6.857142925262450,31842.0,Data as Reported to CDC as of 01 Nov 2024 2:00 PM EDT
01/04/2024,2024,5.0,6.5714287757873500,31847.0,Data as Reported to CDC as of 01 Nov 2024 2:00 PM EDT
01/05/2024,2024,10.0,7.0,31857.0,Data as Reported to CDC as of 01 Nov 2024 2:00 PM EDT
01/06/2024,2024,9.0,7.142857074737550,31866.0,Data as Reported to CDC as of 01 Nov 2024 2:00 PM EDT
01/07/2024,2024,6.0,7.5714287757873500,31872.0,Data as Reported to CDC as of 01 Nov 2024 2:00 PM EDT
01/08/2024,2024,6.0,7.4285712242126500,31878.0,Data as Reported to CDC as of 01 Nov 2024 2:00 PM EDT
01/09/2024,2024,5.0,7.285714149475100,31883.0,Data as Reported to CDC as of 01 Nov 2024 2:00 PM EDT
01/10/2024,2024,13.0,7.714285850524900,31896.0,Data as Reported to CDC as of 01 Nov 2024 2:00 PM EDT
01/11/2024,2024,4.0,7.5714287757873500,31900.0,Data as Reported to CDC as of 01 Nov 2024 2:00 PM EDT
01/12/2024,2024,10.0,7.5714287757873500,31910.0,Data as Reported to CDC as of 01 Nov 2024 2:00 PM EDT
01/13/2024,2024,12.0,8.0,31922.0,Data as Reported to CDC as of 01 Nov 2024 2:00 PM EDT
01/14/2024,2024,6.0,8.0,31928.0,Data as Reported to CDC as of 01 Nov 2024 2:00 PM EDT
01/15/2024,2024,10.0,8.571428298950200,31938.0,Data as Reported to CDC as of 01 Nov 2024 2:00 PM EDT
01/16/2024,2024,14.0,9.857142448425290,31952.0,Data as Reported to CDC as of 01 Nov 2024 2:00 PM EDT
01/17/2024,2024,11.0,9.571428298950200,31963.0,Data as Reported to CDC as of 01 Nov 2024 2:00 PM EDT
01/18/2024,2024,9.0,10.285714149475100,31972.0,Data as Reported to CDC as of 01 Nov 2024 2:00 PM EDT
01/19/2024,2024,11.0,10.428571701049800,31983.0,Data as Reported to CDC as of 01 Nov 2024 2:00 PM EDT
01/20/2024,2024,10.0,10.142857551574700,31993.0,Data as Reported to CDC as of 01 Nov 2024 2:00 PM EDT
01/21/2024,2024,4.0,9.857142448425290,31997.0,Data as Reported to CDC as of 01 Nov 2024 2:00 PM EDT
01/22/2024,2024,11.0,10.0,32008.0,Data as Reported to CDC as of 01 Nov 2024 2:00 PM EDT
01/23/2024,2024,6.0,8.857142448425290,32014.0,Data as Reported to CDC as of 01 Nov 2024 2:00 PM EDT
01/24/2024,2024,7.0,8.285714149475100,32021.0,Data as Reported to CDC as of 01 Nov 2024 2:00 PM EDT
01/25/2024,2024,5.0,7.714285850524900,32026.0,Data as Reported to CDC as of 01 Nov 2024 2:00 PM EDT
01/26/2024,2024,11.0,7.714285850524900,32037.0,Data as Reported to CDC as of 01 Nov 2024 2:00 PM EDT
01/27/2024,2024,5.0,7.0,32042.0,Data as Reported to CDC as of 01 Nov 2024 2:00 PM EDT
01/28/2024,2024,5.0,7.142857074737550,32047.0,Data as Reported to CDC as of 01 Nov 2024 2:00 PM EDT
01/29/2024,2024,15.0,7.714285850524900,32062.0,Data as Reported to CDC as of 01 Nov 2024 2:00 PM EDT
01/30/2024,2024,13.0,8.714285850524900,32075.0,Data as Reported to CDC as of 01 Nov 2024 2:00 PM EDT
01/31/2024,2024,12.0,9.428571701049810,32087.0,Data as Reported to CDC as of 01 Nov 2024 2:00 PM EDT
02/01/2024,2024,14.0,10.714285850524900,32101.0,Data as Reported to CDC as of 01 Nov 2024 2:00 PM EDT
02/02/2024,2024,15.0,11.285714149475100,32116.0,Data as Reported to CDC as of 01 Nov 2024 2:00 PM EDT
02/03/2024,2024,9.0,11.857142448425300,32125.0,Data as Reported to CDC as of 01 Nov 2024 2:00 PM EDT
02/04/2024,2024,7.0,12.142857551574700,32132.0,Data as Reported to CDC as of 01 Nov 2024 2:00 PM EDT
02/05/2024,2024,12.0,11.714285850524900,32144.0,Data as Reported to CDC as of 01 Nov 2024 2:00 PM EDT
02/06/2024,2024,7.0,10.857142448425300,32151.0,Data as Reported to CDC as of 01 Nov 2024 2:00 PM EDT
02/07/2024,2024,9.0,10.428571701049800,32160.0,Data as Reported to CDC as of 01 Nov 2024 2:00 PM EDT
02/08/2024,2024,8.0,9.571428298950200,32168.0,Data as Reported to CDC as of 01 Nov 2024 2:00 PM EDT
02/09/2024,2024,11.0,9.0,32179.0,Data as Reported to CDC as of 01 Nov 2024 2:00 PM EDT
02/10/2024,2024,6.0,8.571428298950200,32185.0,Data as Reported to CDC as of 01 Nov 2024 2:00 PM EDT
02/11/2024,2024,10.0,9.0,32195.0,Data as Reported to CDC as of 01 Nov 2024 2:00 PM EDT
02/12/2024,2024,8.0,8.428571701049810,32203.0,Data as Reported to CDC as of 01 Nov 2024 2:00 PM EDT
02/13/2024,2024,8.0,8.571428298950200,32211.0,Data as Reported to CDC as of 01 Nov 2024 2:00 PM EDT
02/14/2024,2024,8.0,8.428571701049810,32219.0,Data as Reported to CDC as of 01 Nov 2024 2:00 PM EDT
02/15/2024,2024,7.0,8.285714149475100,32226.0,Data as Reported to CDC as of 01 Nov 2024 2:00 PM EDT
02/16/2024,2024,7.0,7.714285850524900,32233.0,Data as Reported to CDC as of 01 Nov 2024 2:00 PM EDT
02/17/2024,2024,10.0,8.285714149475100,32243.0,Data as Reported to CDC as of 01 Nov 2024 2:00 PM EDT
02/18/2024,2024,10.0,8.285714149475100,32253.0,Data as Reported to CDC as of 01 Nov 2024 2:00 PM EDT
02/19/2024,2024,10.0,8.571428298950200,32263.0,Data as Reported to CDC as of 01 Nov 2024 2:00 PM EDT
02/20/2024,2024,9.0,8.714285850524900,32272.0,Data as Reported to CDC as of 01 Nov 2024 2:00 PM EDT
02/21/2024,2024,5.0,8.285714149475100,32277.0,Data as Reported to CDC as of 01 Nov 2024 2:00 PM EDT
02/22/2024,2024,10.0,8.714285850524900,32287.0,Data as Reported to CDC as of 01 Nov 2024 2:00 PM EDT
02/23/2024,2024,8.0,8.857142448425290,32295.0,Data as Reported to CDC as of 01 Nov 2024 2:00 PM EDT
02/24/2024,2024,5.0,8.142857551574710,32300.0,Data as Reported to CDC as of 01 Nov 2024 2:00 PM EDT
02/25/2024,2024,7.0,7.714285850524900,32307.0,Data as Reported to CDC as of 01 Nov 2024 2:00 PM EDT
02/26/2024,2024,9.0,7.5714287757873500,32316.0,Data as Reported to CDC as of 01 Nov 2024 2:00 PM EDT
02/27/2024,2024,10.0,7.714285850524900,32326.0,Data as Reported to CDC as of 01 Nov 2024 2:00 PM EDT
02/28/2024,2024,13.0,8.857142448425290,32339.0,Data as Reported to CDC as of 01 Nov 2024 2:00 PM EDT
02/29/2024,2024,10.0,8.857142448425290,32349.0,Data as Reported to CDC as of 01 Nov 2024 2:00 PM EDT
03/01/2024,2024,18.0,10.285714149475100,32367.0,Data as Reported to CDC as of 01 Nov 2024 2:00 PM EDT
03/02/2024,2024,7.0,10.571428298950200,32374.0,Data as Reported to CDC as of 01 Nov 2024 2:00 PM EDT
03/03/2024,2024,10.0,11.0,32384.0,Data as Reported to CDC as of 01 Nov 2024 2:00 PM EDT
03/04/2024,2024,8.0,10.857142448425300,32392.0,Data as Reported to CDC as of 01 Nov 2024 2:00 PM EDT
03/05/2024,2024,12.0,11.142857551574700,32404.0,Data as Reported to CDC as of 01 Nov 2024 2:00 PM EDT
03/06/2024,2024,13.0,11.142857551574700,32417.0,Data as Reported to CDC as of 01 Nov 2024 2:00 PM EDT
03/07/2024,2024,8.0,10.857142448425300,32425.0,Data as Reported to CDC as of 01 Nov 2024 2:00 PM EDT
03/08/2024,2024,5.0,9.0,32430.0,Data as Reported to CDC as of 01 Nov 2024 2:00 PM EDT
03/09/2024,2024,13.0,9.857142448425290,32443.0,Data as Reported to CDC as of 01 Nov 2024 2:00 PM EDT
03/10/2024,2024,17.0,10.857142448425300,32460.0,Data as Reported to CDC as of 01 Nov 2024 2:00 PM EDT
03/11/2024,2024,11.0,11.285714149475100,32471.0,Data as Reported to CDC as of 01 Nov 2024 2:00 PM EDT
03/12/2024,2024,11.0,11.142857551574700,32482.0,Data as Reported to CDC as of 01 Nov 2024 2:00 PM EDT
03/13/2024,2024,9.0,10.571428298950200,32491.0,Data as Reported to CDC as of 01 Nov 2024 2:00 PM EDT
03/14/2024,2024,15.0,11.571428298950200,32506.0,Data as Reported to CDC as of 01 Nov 2024 2:00 PM EDT
03/15/2024,2024,11.0,12.428571701049800,32517.0,Data as Reported to CDC as of 01 Nov 2024 2:00 PM EDT
03/16/2024,2024,5.0,11.285714149475100,32522.0,Data as Reported to CDC as of 01 Nov 2024 2:00 PM EDT
03/17/2024,2024,8.0,10.0,32530.0,Data as Reported to CDC as of 01 Nov 2024 2:00 PM EDT
03/18/2024,2024,15.0,10.571428298950200,32545.0,Data as Reported to CDC as of 01 Nov 2024 2:00 PM EDT
03/19/2024,2024,3.0,9.428571701049810,32548.0,Data as Reported to CDC as of 01 Nov 2024 2:00 PM EDT
03/20/2024,2024,12.0,9.857142448425290,32560.0,Data as Reported to CDC as of 01 Nov 2024 2:00 PM EDT
03/21/2024,2024,7.0,8.714285850524900,32567.0,Data as Reported to CDC as of 01 Nov 2024 2:00 PM EDT
03/22/2024,2024,7.0,8.142857551574710,32574.0,Data as Reported to CDC as of 01 Nov 2024 2:00 PM EDT
03/23/2024,2024,3.0,7.857142925262450,32577.0,Data as Reported to CDC as of 01 Nov 2024 2:00 PM EDT
03/24/2024,2024,6.0,7.5714287757873500,32583.0,Data as Reported to CDC as of 01 Nov 2024 2:00 PM EDT
03/25/2024,2024,10.0,6.857142925262450,32593.0,Data as Reported to CDC as of 01 Nov 2024 2:00 PM EDT
03/26/2024,2024,12.0,8.142857551574710,32605.0,Data as Reported to CDC as of 01 Nov 2024 2:00 PM EDT
03/27/2024,2024,10.0,7.857142925262450,32615.0,Data as Reported to CDC as of 01 Nov 2024 2:00 PM EDT
03/28/2024,2024,10.0,8.285714149475100,32625.0,Data as Reported to CDC as of 01 Nov 2024 2:00 PM EDT
03/29/2024,2024,10.0,8.714285850524900,32635.0,Data as Reported to CDC as of 01 Nov 2024 2:00 PM EDT
03/30/2024,2024,5.0,9.0,32640.0,Data as Reported to CDC as of 01 Nov 2024 2:00 PM EDT
03/31/2024,2024,5.0,8.857142448425290,32645.0,Data as Reported to CDC as of 01 Nov 2024 2:00 PM EDT
04/01/2024,2024,7.0,8.428571701049810,32652.0,Data as Reported to CDC as of 01 Nov 2024 2:00 PM EDT
04/02/2024,2024,14.0,8.714285850524900,32666.0,Data as Reported to CDC as of 01 Nov 2024 2:00 PM EDT
04/03/2024,2024,5.0,8.0,32671.0,Data as Reported to CDC as of 01 Nov 2024 2:00 PM EDT
04/04/2024,2024,4.0,7.142857074737550,32675.0,Data as Reported to CDC as of 01 Nov 2024 2:00 PM EDT
04/05/2024,2024,8.0,6.857142925262450,32683.0,Data as Reported to CDC as of 01 Nov 2024 2:00 PM EDT
04/06/2024,2024,4.0,6.714285850524900,32687.0,Data as Reported to CDC as of 01 Nov 2024 2:00 PM EDT
04/07/2024,2024,6.0,6.857142925262450,32693.0,Data as Reported to CDC as of 01 Nov 2024 2:00 PM EDT
04/08/2024,2024,15.0,8.0,32708.0,Data as Reported to CDC as of 01 Nov 2024 2:00 PM EDT
04/09/2024,2024,8.0,7.142857074737550,32716.0,Data as Reported to CDC as of 01 Nov 2024 2:00 PM EDT
04/10/2024,2024,12.0,8.142857551574710,32728.0,Data as Reported to CDC as of 01 Nov 2024 2:00 PM EDT
04/11/2024,2024,5.0,8.285714149475100,32733.0,Data as Reported to CDC as of 01 Nov 2024 2:00 PM EDT
04/12/2024,2024,11.0,8.714285850524900,32744.0,Data as Reported to CDC as of 01 Nov 2024 2:00 PM EDT
04/13/2024,2024,11.0,9.714285850524900,32755.0,Data as Reported to CDC as of 01 Nov 2024 2:00 PM EDT
04/14/2024,2024,14.0,10.857142448425300,32769.0,Data as Reported to CDC as of 01 Nov 2024 2:00 PM EDT
04/15/2024,2024,9.0,10.0,32778.0,Data as Reported to CDC as of 01 Nov 2024 2:00 PM EDT
04/16/2024,2024,13.0,10.714285850524900,32791.0,Data as Reported to CDC as of 01 Nov 2024 2:00 PM EDT
04/17/2024,2024,10.0,10.428571701049800,32801.0,Data as Reported to CDC as of 01 Nov 2024 2:00 PM EDT
04/18/2024,2024,8.0,10.857142448425300,32809.0,Data as Reported to CDC as of 01 Nov 2024 2:00 PM EDT
04/19/2024,2024,10.0,10.714285850524900,32819.0,Data as Reported to CDC as of 01 Nov 2024 2:00 PM EDT
04/20/2024,2024,13.0,11.0,32832.0,Data as Reported to CDC as of 01 Nov 2024 2:00 PM EDT
04/21/2024,2024,12.0,10.714285850524900,32844.0,Data as Reported to CDC as of 01 Nov 2024 2:00 PM EDT
04/22/2024,2024,14.0,11.428571701049800,32858.0,Data as Reported to CDC as of 01 Nov 2024 2:00 PM EDT
04/23/2024,2024,14.0,11.571428298950200,32872.0,Data as Reported to CDC as of 01 Nov 2024 2:00 PM EDT
04/24/2024,2024,8.0,11.285714149475100,32880.0,Data as Reported to CDC as of 01 Nov 2024 2:00 PM EDT
04/25/2024,2024,12.0,11.857142448425300,32892.0,Data as Reported to CDC as of 01 Nov 2024 2:00 PM EDT
04/26/2024,2024,12.0,12.142857551574700,32904.0,Data as Reported to CDC as of 01 Nov 2024 2:00 PM EDT
04/27/2024,2024,7.0,11.285714149475100,32911.0,Data as Reported to CDC as of 01 Nov 2024 2:00 PM EDT
04/28/2024,2024,7.0,10.571428298950200,32918.0,Data as Reported to CDC as of 01 Nov 2024 2:00 PM EDT
04/29/2024,2024,7.0,9.571428298950200,32925.0,Data as Reported to CDC as of 01 Nov 2024 2:00 PM EDT
04/30/2024,2024,6.0,8.428571701049810,32931.0,Data as Reported to CDC as of 01 Nov 2024 2:00 PM EDT
05/01/2024,2024,11.0,8.857142448425290,32942.0,Data as Reported to CDC as of 01 Nov 2024 2:00 PM EDT
05/02/2024,2024,3.0,7.5714287757873500,32945.0,Data as Reported to CDC as of 01 Nov 2024 2:00 PM EDT
05/03/2024,2024,7.0,6.857142925262450,32952.0,Data as Reported to CDC as of 01 Nov 2024 2:00 PM EDT
05/04/2024,2024,11.0,7.4285712242126500,32963.0,Data as Reported to CDC as of 01 Nov 2024 2:00 PM EDT
05/05/2024,2024,8.0,7.5714287757873500,32971.0,Data as Reported to CDC as of 01 Nov 2024 2:00 PM EDT
05/06/2024,2024,8.0,7.714285850524900,32979.0,Data as Reported to CDC as of 01 Nov 2024 2:00 PM EDT
05/07/2024,2024,12.0,8.571428298950200,32991.0,Data as Reported to CDC as of 01 Nov 2024 2:00 PM EDT
05/08/2024,2024,8.0,8.142857551574710,32999.0,Data as Reported to CDC as of 01 Nov 2024 2:00 PM EDT
05/09/2024,2024,6.0,8.571428298950200,33005.0,Data as Reported to CDC as of 01 Nov 2024 2:00 PM EDT
05/10/2024,2024,5.0,8.285714149475100,33010.0,Data as Reported to CDC as of 01 Nov 2024 2:00 PM EDT
05/11/2024,2024,7.0,7.714285850524900,33017.0,Data as Reported to CDC as of 01 Nov 2024 2:00 PM EDT
05/12/2024,2024,4.0,7.142857074737550,33021.0,Data as Reported to CDC as of 01 Nov 2024 2:00 PM EDT
05/13/2024,2024,10.0,7.4285712242126500,33031.0,Data as Reported to CDC as of 01 Nov 2024 2:00 PM EDT
05/14/2024,2024,6.0,6.5714287757873500,33037.0,Data as Reported to CDC as of 01 Nov 2024 2:00 PM EDT
05/15/2024,2024,6.0,6.285714149475100,33043.0,Data as Reported to CDC as of 01 Nov 2024 2:00 PM EDT
05/16/2024,2024,8.0,6.5714287757873500,33051.0,Data as Reported to CDC as of 01 Nov 2024 2:00 PM EDT
05/17/2024,2024,7.0,6.857142925262450,33058.0,Data as Reported to CDC as of 01 Nov 2024 2:00 PM EDT
05/18/2024,2024,8.0,7.0,33066.0,Data as Reported to CDC as of 01 Nov 2024 2:00 PM EDT
05/19/2024,2024,6.0,7.285714149475100,33072.0,Data as Reported to CDC as of 01 Nov 2024 2:00 PM EDT
05/20/2024,2024,11.0,7.4285712242126500,33083.0,Data as Reported to CDC as of 01 Nov 2024 2:00 PM EDT
05/21/2024,2024,8.0,7.714285850524900,33091.0,Data as Reported to CDC as of 01 Nov 2024 2:00 PM EDT
05/22/2024,2024,7.0,7.857142925262450,33098.0,Data as Reported to CDC as of 01 Nov 2024 2:00 PM EDT
05/23/2024,2024,4.0,7.285714149475100,33102.0,Data as Reported to CDC as of 01 Nov 2024 2:00 PM EDT
05/24/2024,2024,10.0,7.714285850524900,33112.0,Data as Reported to CDC as of 01 Nov 2024 2:00 PM EDT
05/25/2024,2024,12.0,8.285714149475100,33124.0,Data as Reported to CDC as of 01 Nov 2024 2:00 PM EDT
05/26/2024,2024,5.0,8.142857551574710,33129.0,Data as Reported to CDC as of 01 Nov 2024 2:00 PM EDT
05/27/2024,2024,7.0,7.5714287757873500,33136.0,Data as Reported to CDC as of 01 Nov 2024 2:00 PM EDT
05/28/2024,2024,13.0,8.285714149475100,33149.0,Data as Reported to CDC as of 01 Nov 2024 2:00 PM EDT
05/29/2024,2024,8.0,8.428571701049810,33157.0,Data as Reported to CDC as of 01 Nov 2024 2:00 PM EDT
05/30/2024,2024,11.0,9.428571701049810,33168.0,Data as Reported to CDC as of 01 Nov 2024 2:00 PM EDT
05/31/2024,2024,7.0,9.0,33175.0,Data as Reported to CDC as of 01 Nov 2024 2:00 PM EDT
06/01/2024,2024,7.0,8.285714149475100,33182.0,Data as Reported to CDC as of 01 Nov 2024 2:00 PM EDT
06/02/2024,2024,5.0,8.285714149475100,33187.0,Data as Reported to CDC as of 01 Nov 2024 2:00 PM EDT
06/03/2024,2024,11.0,8.857142448425290,33198.0,Data as Reported to CDC as of 01 Nov 2024 2:00 PM EDT
06/04/2024,2024,7.0,8.0,33205.0,Data as Reported to CDC as of 01 Nov 2024 2:00 PM EDT
06/05/2024,2024,11.0,8.428571701049810,33216.0,Data as Reported to CDC as of 01 Nov 2024 2:00 PM EDT
06/06/2024,2024,8.0,8.0,33224.0,Data as Reported to CDC as of 01 Nov 2024 2:00 PM EDT
06/07/2024,2024,6.0,7.857142925262450,33230.0,Data as Reported to CDC as of 01 Nov 2024 2:00 PM EDT
06/08/2024,2024,8.0,8.0,33238.0,Data as Reported to CDC as of 01 Nov 2024 2:00 PM EDT
06/09/2024,2024,10.0,8.714285850524900,33248.0,Data as Reported to CDC as of 01 Nov 2024 2:00 PM EDT
06/10/2024,2024,10.0,8.571428298950200,33258.0,Data as Reported to CDC as of 01 Nov 2024 2:00 PM EDT
06/11/2024,2024,18.0,10.142857551574700,33276.0,Data as Reported to CDC as of 01 Nov 2024 2:00 PM EDT
06/12/2024,2024,5.0,9.285714149475100,33281.0,Data as Reported to CDC as of 01 Nov 2024 2:00 PM EDT
06/13/2024,2024,7.0,9.142857551574710,33288.0,Data as Reported to CDC as of 01 Nov 2024 2:00 PM EDT
06/14/2024,2024,10.0,9.714285850524900,33298.0,Data as Reported to CDC as of 01 Nov 2024 2:00 PM EDT
06/15/2024,2024,12.0,10.285714149475100,33310.0,Data as Reported to CDC as of 01 Nov 2024 2:00 PM EDT
06/16/2024,2024,7.0,9.857142448425290,33317.0,Data as Reported to CDC as of 01 Nov 2024 2:00 PM EDT
06/17/2024,2024,8.0,9.571428298950200,33325.0,Data as Reported to CDC as of 01 Nov 2024 2:00 PM EDT
06/18/2024,2024,8.0,8.142857551574710,33333.0,Data as Reported to CDC as of 01 Nov 2024 2:00 PM EDT
06/19/2024,2024,4.0,8.0,33337.0,Data as Reported to CDC as of 01 Nov 2024 2:00 PM EDT
06/20/2024,2024,9.0,8.285714149475100,33346.0,Data as Reported to CDC as of 01 Nov 2024 2:00 PM EDT
06/21/2024,2024,9.0,8.142857551574710,33355.0,Data as Reported to CDC as of 01 Nov 2024 2:00 PM EDT
06/22/2024,2024,4.0,7.0,33359.0,Data as Reported to CDC as of 01 Nov 2024 2:00 PM EDT
06/23/2024,2024,6.0,6.857142925262450,33365.0,Data as Reported to CDC as of 01 Nov 2024 2:00 PM EDT
06/24/2024,2024,8.0,6.857142925262450,33373.0,Data as Reported to CDC as of 01 Nov 2024 2:00 PM EDT
06/25/2024,2024,4.0,6.285714149475100,33377.0,Data as Reported to CDC as of 01 Nov 2024 2:00 PM EDT
06/26/2024,2024,7.0,6.714285850524900,33384.0,Data as Reported to CDC as of 01 Nov 2024 2:00 PM EDT
06/27/2024,2024,9.0,6.714285850524900,33393.0,Data as Reported to CDC as of 01 Nov 2024 2:00 PM EDT
06/28/2024,2024,6.0,6.285714149475100,33399.0,Data as Reported to CDC as of 01 Nov 2024 2:00 PM EDT
06/29/2024,2024,4.0,6.285714149475100,33403.0,Data as Reported to CDC as of 01 Nov 2024 2:00 PM EDT
06/30/2024,2024,5.0,6.142857074737550,33408.0,Data as Reported to CDC as of 01 Nov 2024 2:00 PM EDT
07/01/2024,2024,10.0,6.4285712242126500,33418.0,Data as Reported to CDC as of 01 Nov 2024 2:00 PM EDT
07/02/2024,2024,7.0,6.857142925262450,33425.0,Data as Reported to CDC as of 01 Nov 2024 2:00 PM EDT
07/03/2024,2024,10.0,7.285714149475100,33435.0,Data as Reported to CDC as of 01 Nov 2024 2:00 PM EDT
07/04/2024,2024,5.0,6.714285850524900,33440.0,Data as Reported to CDC as of 01 Nov 2024 2:00 PM EDT
07/05/2024,2024,8.0,7.0,33448.0,Data as Reported to CDC as of 01 Nov 2024 2:00 PM EDT
07/06/2024,2024,6.0,7.285714149475100,33454.0,Data as Reported to CDC as of 01 Nov 2024 2:00 PM EDT
07/07/2024,2024,9.0,7.857142925262450,33463.0,Data as Reported to CDC as of 01 Nov 2024 2:00 PM EDT
07/08/2024,2024,5.0,7.142857074737550,33468.0,Data as Reported to CDC as of 01 Nov 2024 2:00 PM EDT
07/09/2024,2024,6.0,7.0,33474.0,Data as Reported to CDC as of 01 Nov 2024 2:00 PM EDT
07/10/2024,2024,10.0,7.0,33484.0,Data as Reported to CDC as of 01 Nov 2024 2:00 PM EDT
07/11/2024,2024,8.0,7.4285712242126500,33492.0,Data as Reported to CDC as of 01 Nov 2024 2:00 PM EDT
07/12/2024,2024,9.0,7.5714287757873500,33501.0,Data as Reported to CDC as of 01 Nov 2024 2:00 PM EDT
07/13/2024,2024,5.0,7.4285712242126500,33506.0,Data as Reported to CDC as of 01 Nov 2024 2:00 PM EDT
07/14/2024,2024,8.0,7.285714149475100,33514.0,Data as Reported to CDC as of 01 Nov 2024 2:00 PM EDT
07/15/2024,2024,20.0,9.428571701049810,33534.0,Data as Reported to CDC as of 01 Nov 2024 2:00 PM EDT
07/16/2024,2024,6.0,9.428571701049810,33540.0,Data as Reported to CDC as of 01 Nov 2024 2:00 PM EDT
07/17/2024,2024,9.0,9.285714149475100,33549.0,Data as Reported to CDC as of 01 Nov 2024 2:00 PM EDT
07/18/2024,2024,11.0,9.714285850524900,33560.0,Data as Reported to CDC as of 01 Nov 2024 2:00 PM EDT
07/19/2024,2024,4.0,9.0,33564.0,Data as Reported to CDC as of 01 Nov 2024 2:00 PM EDT
07/20/2024,2024,6.0,9.142857551574710,33570.0,Data as Reported to CDC as of 01 Nov 2024 2:00 PM EDT
07/21/2024,2024,5.0,8.714285850524900,33575.0,Data as Reported to CDC as of 01 Nov 2024 2:00 PM EDT
07/22/2024,2024,6.0,6.714285850524900,33581.0,Data as Reported to CDC as of 01 Nov 2024 2:00 PM EDT
07/23/2024,2024,5.0,6.5714287757873500,33586.0,Data as Reported to CDC as of 01 Nov 2024 2:00 PM EDT
07/24/2024,2024,6.0,6.142857074737550,33592.0,Data as Reported to CDC as of 01 Nov 2024 2:00 PM EDT
07/25/2024,2024,8.0,5.714285850524900,33600.0,Data as Reported to CDC as of 01 Nov 2024 2:00 PM EDT
07/26/2024,2024,6.0,6.0,33606.0,Data as Reported to CDC as of 01 Nov 2024 2:00 PM EDT
07/27/2024,2024,3.0,5.5714287757873500,33609.0,Data as Reported to CDC as of 01 Nov 2024 2:00 PM EDT
07/28/2024,2024,7.0,5.857142925262450,33616.0,Data as Reported to CDC as of 01 Nov 2024 2:00 PM EDT
07/29/2024,2024,7.0,6.0,33623.0,Data as Reported to CDC as of 01 Nov 2024 2:00 PM EDT
07/30/2024,2024,8.0,6.4285712242126500,33631.0,Data as Reported to CDC as of 01 Nov 2024 2:00 PM EDT
07/31/2024,2024,5.0,6.285714149475100,33636.0,Data as Reported to CDC as of 01 Nov 2024 2:00 PM EDT
08/01/2024,2024,13.0,7.0,33649.0,Data as Reported to CDC as of 01 Nov 2024 2:00 PM EDT
08/02/2024,2024,6.0,7.0,33655.0,Data as Reported to CDC as of 01 Nov 2024 2:00 PM EDT
08/03/2024,2024,4.0,7.142857074737550,33659.0,Data as Reported to CDC as of 01 Nov 2024 2:00 PM EDT
08/04/2024,2024,6.0,7.0,33665.0,Data as Reported to CDC as of 01 Nov 2024 2:00 PM EDT
08/05/2024,2024,8.0,7.142857074737550,33673.0,Data as Reported to CDC as of 01 Nov 2024 2:00 PM EDT
08/06/2024,2024,6.0,6.857142925262450,33679.0,Data as Reported to CDC as of 01 Nov 2024 2:00 PM EDT
08/07/2024,2024,9.0,7.4285712242126500,33688.0,Data as Reported to CDC as of 01 Nov 2024 2:00 PM EDT
08/08/2024,2024,5.0,6.285714149475100,33693.0,Data as Reported to CDC as of 01 Nov 2024 2:00 PM EDT
08/09/2024,2024,7.0,6.4285712242126500,33700.0,Data as Reported to CDC as of 01 Nov 2024 2:00 PM EDT
08/10/2024,2024,9.0,7.142857074737550,33709.0,Data as Reported to CDC as of 01 Nov 2024 2:00 PM EDT
08/11/2024,2024,7.0,7.285714149475100,33716.0,Data as Reported to CDC as of 01 Nov 2024 2:00 PM EDT
08/12/2024,2024,14.0,8.142857551574710,33730.0,Data as Reported to CDC as of 01 Nov 2024 2:00 PM EDT
08/13/2024,2024,7.0,8.285714149475100,33737.0,Data as Reported to CDC as of 01 Nov 2024 2:00 PM EDT
08/14/2024,2024,12.0,8.714285850524900,33749.0,Data as Reported to CDC as of 01 Nov 2024 2:00 PM EDT
08/15/2024,2024,7.0,9.0,33756.0,Data as Reported to CDC as of 01 Nov 2024 2:00 PM EDT
08/16/2024,2024,10.0,9.428571701049810,33766.0,Data as Reported to CDC as of 01 Nov 2024 2:00 PM EDT
08/17/2024,2024,8.0,9.285714149475100,33774.0,Data as Reported to CDC as of 01 Nov 2024 2:00 PM EDT
08/18/2024,2024,9.0,9.571428298950200,33783.0,Data as Reported to CDC as of 01 Nov 2024 2:00 PM EDT
08/19/2024,2024,11.0,9.142857551574710,33794.0,Data as Reported to CDC as of 01 Nov 2024 2:00 PM EDT
08/20/2024,2024,7.0,9.142857551574710,33801.0,Data as Reported to CDC as of 01 Nov 2024 2:00 PM EDT
08/21/2024,2024,7.0,8.428571701049810,33808.0,Data as Reported to CDC as of 01 Nov 2024 2:00 PM EDT
08/22/2024,2024,9.0,8.714285850524900,33817.0,Data as Reported to CDC as of 01 Nov 2024 2:00 PM EDT
08/23/2024,2024,5.0,8.0,33822.0,Data as Reported to CDC as of 01 Nov 2024 2:00 PM EDT
08/24/2024,2024,14.0,8.857142448425290,33836.0,Data as Reported to CDC as of 01 Nov 2024 2:00 PM EDT
08/25/2024,2024,6.0,8.428571701049810,33842.0,Data as Reported to CDC as of 01 Nov 2024 2:00 PM EDT
08/26/2024,2024,9.0,8.142857551574710,33851.0,Data as Reported to CDC as of 01 Nov 2024 2:00 PM EDT
08/27/2024,2024,9.0,8.428571701049810,33860.0,Data as Reported to CDC as of 01 Nov 2024 2:00 PM EDT
08/28/2024,2024,5.0,8.142857551574710,33865.0,Data as Reported to CDC as of 01 Nov 2024 2:00 PM EDT
08/29/2024,2024,9.0,8.142857551574710,33874.0,Data as Reported to CDC as of 01 Nov 2024 2:00 PM EDT
08/30/2024,2024,11.0,9.0,33885.0,Data as Reported to CDC as of 01 Nov 2024 2:00 PM EDT
08/31/2024,2024,6.0,7.857142925262450,33891.0,Data as Reported to CDC as of 01 Nov 2024 2:00 PM EDT
09/01/2024,2024,7.0,8.0,33898.0,Data as Reported to CDC as of 01 Nov 2024 2:00 PM EDT
09/02/2024,2024,8.0,7.857142925262450,33906.0,Data as Reported to CDC as of 01 Nov 2024 2:00 PM EDT
09/03/2024,2024,6.0,7.4285712242126500,33912.0,Data as Reported to CDC as of 01 Nov 2024 2:00 PM EDT
09/04/2024,2024,10.0,8.142857551574710,33922.0,Data as Reported to CDC as of 01 Nov 2024 2:00 PM EDT
09/05/2024,2024,14.0,8.857142448425290,33936.0,Data as Reported to CDC as of 01 Nov 2024 2:00 PM EDT
09/06/2024,2024,8.0,8.428571701049810,33944.0,Data as Reported to CDC as of 01 Nov 2024 2:00 PM EDT
09/07/2024,2024,9.0,8.857142448425290,33953.0,Data as Reported to CDC as of 01 Nov 2024 2:00 PM EDT
09/08/2024,2024,9.0,9.142857551574710,33962.0,Data as Reported to CDC as of 01 Nov 2024 2:00 PM EDT
09/09/2024,2024,17.0,10.428571701049800,33979.0,Data as Reported to CDC as of 01 Nov 2024 2:00 PM EDT
09/10/2024,2024,9.0,10.857142448425300,33988.0,Data as Reported to CDC as of 01 Nov 2024 2:00 PM EDT
09/11/2024,2024,8.0,10.571428298950200,33996.0,Data as Reported to CDC as of 01 Nov 2024 2:00 PM EDT
09/12/2024,2024,7.0,9.571428298950200,34003.0,Data as Reported to CDC as of 01 Nov 2024 2:00 PM EDT
09/13/2024,2024,5.0,9.142857551574710,34008.0,Data as Reported to CDC as of 01 Nov 2024 2:00 PM EDT
09/14/2024,2024,9.0,9.142857551574710,34017.0,Data as Reported to CDC as of 01 Nov 2024 2:00 PM EDT
09/15/2024,2024,0.0,7.857142925262450,34017.0,Data as Reported to CDC as of 01 Nov 2024 2:00 PM EDT
09/16/2024,2024,4.0,6.0,34021.0,Data as Reported to CDC as of 01 Nov 2024 2:00 PM EDT
09/17/2024,2024,11.0,6.285714149475100,34032.0,Data as Reported to CDC as of 01 Nov 2024 2:00 PM EDT
09/18/2024,2024,9.0,6.4285712242126500,34041.0,Data as Reported to CDC as of 01 Nov 2024 2:00 PM EDT
09/19/2024,2024,6.0,6.285714149475100,34047.0,Data as Reported to CDC as of 01 Nov 2024 2:00 PM EDT
09/20/2024,2024,8.0,6.714285850524900,34055.0,Data as Reported to CDC as of 01 Nov 2024 2:00 PM EDT
09/21/2024,2024,3.0,5.857142925262450,34058.0,Data as Reported to CDC as of 01 Nov 2024 2:00 PM EDT
09/22/2024,2024,6.0,6.714285850524900,34064.0,Data as Reported to CDC as of 01 Nov 2024 2:00 PM EDT
09/23/2024,2024,8.0,7.285714149475100,34072.0,Data as Reported to CDC as of 01 Nov 2024 2:00 PM EDT
09/24/2024,2024,6.0,6.5714287757873500,34078.0,Data as Reported to CDC as of 01 Nov 2024 2:00 PM EDT
09/25/2024,2024,5.0,6.0,34083.0,Data as Reported to CDC as of 01 Nov 2024 2:00 PM EDT
09/26/2024,2024,10.0,6.5714287757873500,34093.0,Data as Reported to CDC as of 01 Nov 2024 2:00 PM EDT
09/27/2024,2024,7.0,6.4285712242126500,34100.0,Data as Reported to CDC as of 01 Nov 2024 2:00 PM EDT
09/28/2024,2024,5.0,6.714285850524900,34105.0,Data as Reported to CDC as of 01 Nov 2024 2:00 PM EDT
09/29/2024,2024,5.0,6.5714287757873500,34110.0,Data as Reported to CDC as of 01 Nov 2024 2:00 PM EDT
09/30/2024,2024,4.0,6.0,34114.0,Data as Reported to CDC as of 01 Nov 2024 2:00 PM EDT
10/01/2024,2024,9.0,6.4285712242126500,34123.0,Data as Reported to CDC as of 01 Nov 2024 2:00 PM EDT
10/02/2024,2024,5.0,6.4285712242126500,34128.0,Data as Reported to CDC as of 01 Nov 2024 2:00 PM EDT
10/03/2024,2024,7.0,6.0,34135.0,Data as Reported to CDC as of 01 Nov 2024 2:00 PM EDT
10/04/2024,2024,4.0,5.5714287757873500,34139.0,Data as Reported to CDC as of 01 Nov 2024 2:00 PM EDT
10/05/2024,2024,3.0,5.285714149475100,34142.0,Data as Reported to CDC as of 01 Nov 2024 2:00 PM EDT
10/06/2024,2024,1.0,4.714285850524900,34143.0,Data as Reported to CDC as of 01 Nov 2024 2:00 PM EDT
10/07/2024,2024,5.0,4.857142925262450,34148.0,Data as Reported to CDC as of 01 Nov 2024 2:00 PM EDT
10/08/2024,2024,3.0,4.0,34151.0,Data as Reported to CDC as of 01 Nov 2024 2:00 PM EDT
10/09/2024,2024,3.0,3.7142856121063200,34154.0,Data as Reported to CDC as of 01 Nov 2024 2:00 PM EDT
10/10/2024,2024,5.0,3.4285714626312300,34159.0,Data as Reported to CDC as of 01 Nov 2024 2:00 PM EDT
10/11/2024,2024,4.0,3.4285714626312300,34163.0,Data as Reported to CDC as of 01 Nov 2024 2:00 PM EDT
10/12/2024,2024,3.0,3.4285714626312300,34166.0,Data as Reported to CDC as of 01 Nov 2024 2:00 PM EDT
10/13/2024,2024,1.0,3.4285714626312300,34167.0,Data as Reported to CDC as of 01 Nov 2024 2:00 PM EDT
10/14/2024,2024,0.0,2.7142856121063200,34167.0,Data as Reported to CDC as of 01 Nov 2024 2:00 PM EDT
10/15/2024,2024,1.0,2.4285714626312300,34168.0,Data as Reported to CDC as of 01 Nov 2024 2:00 PM EDT
10/16/2024,2024,2.0,2.2857143878936800,34170.0,Data as Reported to CDC as of 01 Nov 2024 2:00 PM EDT
10/17/2024,2024,0.0,1.5714285373687700,34170.0,Data as Reported to CDC as of 01 Nov 2024 2:00 PM EDT
10/18/2024,2024,2.0,1.2857142686843900,34172.0,Data as Reported to CDC as of 01 Nov 2024 2:00 PM EDT
10/19/2024,2024,2.0,1.1428571939468400,34174.0,Data as Reported to CDC as of 01 Nov 2024 2:00 PM EDT
10/20/2024,2024,1.0,1.1428571939468400,34175.0,Data as Reported to CDC as of 01 Nov 2024 2:00 PM EDT
10/21/2024,2024,3.0,1.5714285373687700,34178.0,Data as Reported to CDC as of 01 Nov 2024 2:00 PM EDT
10/22/2024,2024,2.0,1.7142857313156100,34180.0,Data as Reported to CDC as of 01 Nov 2024 2:00 PM EDT
10/23/2024,2024,0.0,1.4285714626312300,34180.0,Data as Reported to CDC as of 01 Nov 2024 2:00 PM EDT
10/24/2024,2024,2.0,1.7142857313156100,34182.0,Data as Reported to CDC as of 01 Nov 2024 2:00 PM EDT
10/25/2024,2024,2.0,1.7142857313156100,34184.0,Data as Reported to CDC as of 01 Nov 2024 2:00 PM EDT
10/26/2024,2024,0.0,1.4285714626312300,34184.0,Data as Reported to CDC as of 01 Nov 2024 2:00 PM EDT
10/27/2024,2024,0.0,1.2857142686843900,34184.0,Data as Reported to CDC as of 01 Nov 2024 2:00 PM EDT
10/28/2024,2024,0.0,0.8571428656578060,34184.0,Data as Reported to CDC as of 01 Nov 2024 2:00 PM EDT
10/29/2024,2024,1.0,0.7142857313156130,34185.0,Data as Reported to CDC as of 01 Nov 2024 2:00 PM EDT
10/30/2024,2024,0.0,0.7142857313156130,34185.0,Data as Reported to CDC as of 01 Nov 2024 2:00 PM EDT
10/31/2024,2024,1.0,0.5714285969734190,34186.0,Data as Reported to CDC as of 01 Nov 2024 2:00 PM EDT
11/01/2024,2024,1.0,0.4285714328289030,34187.0,Data as Reported to CDC as of 01 Nov 2024 2:00 PM EDT